library_id,project_id,sample_id,BioprojectID,PubmedID,project_name,creation_date,seq_platform,sequence_count,basepairs_count,sample_latitude,sample_longitude,sample_depth,sample_pH,sample_temp,sample_salinity,sample_location_country,sample_location_ocean_sea,collection_date,MarMDB_biome,MarMDB_material,MarMDB_geographic_feature,MarMDB_anthropogenic_material,MarMDB_organic_material,MarMDB_other_material,MarMDB_rock_type,MarMDB_sediment,MarMDB_constructed_structures,MarMDB_water_location,MarMDB_water_type,MarMDB_anthropogenic_phenomenon,MarMDB_marine_ecosystem,MarMDB_marine_water_body,MarMDB_oceanic_zone,MarMDB_oceanographic_phenomena,MarMDB_host_name,quality_above_30_SRA,mean_quality_SRA,drisee_score_raw_MGRAST,source_database,average_length,assembled
ERR1855245,ERX1917145,ERS1568983,324018,NA,Arctic Ocean metagenomes from HLY1502,2017-02-28,ILLUMINA,1947555,814573815,82.5038,-149.7905,NA,NA,-1.3,23.8,NA,Arctic Ocean,NA,ocean,NA,ocean,NA,NA,NA,NA,NA,NA,NA,sea ice,NA,NA,marine water body,NA,NA,NA,78,32.46,NA,SRA,418,No
ERR1855246,ERX1917146,ERS1568984,324018,NA,Arctic Ocean metagenomes from HLY1502,2017-02-28,ILLUMINA,680165,256621270,82.5038,-149.7905,NA,NA,-1.4,27.1,NA,Arctic Ocean,NA,ocean,NA,ocean,NA,NA,NA,NA,NA,NA,NA,sea ice,NA,NA,marine water body,NA,NA,NA,80,32.92,NA,SRA,377,No
ERR1855247,ERX1917147,ERS1568986,324018,NA,Arctic Ocean metagenomes from HLY1502,2017-02-28,ILLUMINA,217319,104921973,71.9966,-162.496,NA,NA,NA,NA,NA,Arctic Ocean,NA,ocean,NA,ocean,NA,NA,NA,NA,NA,NA,NA,sea ice,NA,NA,marine water body,NA,NA,NA,82,33.59,NA,SRA,483,No
ERR1855248,ERX1917148,ERS1568994,324018,NA,Arctic Ocean metagenomes from HLY1502,2017-02-28,ILLUMINA,1572673,579299783,72.9989,-158.8455,NA,NA,-1.4,33.1,NA,Arctic Ocean,NA,ocean,NA,ocean,NA,NA,NA,NA,NA,NA,NA,NA,NA,NA,marine water body,NA,NA,NA,84,33.86,NA,SRA,368,No
ERR1855249,ERX1917149,ERS1568995,324018,NA,Arctic Ocean metagenomes from HLY1502,2017-02-28,ILLUMINA,805342,401552948,72.9989,-158.8455,NA,NA,-1.4,33.1,NA,Arctic Ocean,NA,ocean,NA,ocean,NA,NA,NA,NA,NA,NA,NA,NA,NA,NA,marine water body,NA,NA,NA,72,31.06,NA,SRA,499,No
ERR1855250,ERX1917150,ERS1568996,324018,NA,Arctic Ocean metagenomes from HLY1502,2017-02-28,ILLUMINA,869032,322548683,72.9989,-158.8455,NA,NA,0.4,34.9,NA,Arctic Ocean,NA,ocean,NA,ocean,NA,NA,NA,NA,NA,NA,NA,NA,NA,NA,marine water body,NA,NA,NA,82,33.61,NA,SRA,371,No
ERR1855251,ERX1917151,ERS1569001,324018,NA,Arctic Ocean metagenomes from HLY1502,2017-02-28,ILLUMINA,56535,23547002,72.9989,-158.8455,NA,NA,0.6,34.8,NA,Arctic Ocean,NA,ocean,NA,ocean,NA,NA,NA,NA,NA,NA,NA,NA,NA,NA,marine water body,NA,NA,NA,76,32.04,NA,SRA,417,No
ERR1855252,ERX1917152,ERS1569002,324018,NA,Arctic Ocean metagenomes from HLY1502,2017-02-28,ILLUMINA,206336,83088008,72.9989,-158.8455,NA,NA,0.2,34.6,NA,Arctic Ocean,NA,ocean,NA,ocean,NA,NA,NA,NA,NA,NA,NA,NA,NA,NA,marine water body,NA,NA,NA,79,32.89,NA,SRA,403,No
ERR1855253,ERX1917153,ERS1569009,324018,NA,Arctic Ocean metagenomes from HLY1502,2017-02-28,ILLUMINA,3179349,978893890,72.7999,-159.6157,NA,NA,NA,NA,NA,Arctic Ocean,NA,ocean,NA,ocean,NA,NA,NA,NA,NA,NA,NA,NA,NA,NA,marine water body,NA,NA,NA,85,34.02,NA,SRA,308,No
ERR1855254,ERX1917154,ERS1569008,324018,NA,Arctic Ocean metagenomes from HLY1502,2017-02-28,ILLUMINA,1602200,803872616,72.7999,-159.6157,NA,NA,NA,NA,NA,Arctic Ocean,NA,ocean,NA,ocean,NA,NA,NA,NA,NA,NA,NA,NA,NA,NA,marine water body,NA,NA,NA,72,31.12,NA,SRA,502,No
ERR1855255,ERX1917155,ERS1569007,324018,NA,Arctic Ocean metagenomes from HLY1502,2017-02-28,ILLUMINA,4636359,1521763299,72.7978,-159.6242,NA,NA,-1.6,32.6,NA,Arctic Ocean,NA,ocean,NA,ocean,NA,NA,NA,NA,NA,NA,NA,NA,NA,NA,marine water body,NA,NA,NA,85,34.09,NA,SRA,328,No
ERR1855257,ERX1917157,ERS1569006,324018,NA,Arctic Ocean metagenomes from HLY1502,2017-02-28,ILLUMINA,993052,496747094,72.7978,-159.6242,NA,NA,1,31.2,NA,Arctic Ocean,NA,ocean,NA,ocean,NA,NA,NA,NA,NA,NA,NA,NA,NA,NA,marine water body,NA,NA,NA,76,32.27,NA,SRA,500,No
ERR1855258,ERX1917158,ERS1569005,324018,NA,Arctic Ocean metagenomes from HLY1502,2017-02-28,ILLUMINA,3727878,1123184141,72.7978,-159.6242,NA,NA,1,31.2,NA,Arctic Ocean,NA,ocean,NA,ocean,NA,NA,NA,NA,NA,NA,NA,NA,NA,NA,marine water body,NA,NA,NA,88,34.95,NA,SRA,301,No
ERR1855259,ERX1917159,ERS1569004,324018,NA,Arctic Ocean metagenomes from HLY1502,2017-02-28,ILLUMINA,1683886,799647605,72.7978,-159.6242,NA,NA,-1.7,32.6,NA,Arctic Ocean,NA,ocean,NA,ocean,NA,NA,NA,NA,NA,NA,NA,NA,NA,NA,marine water body,NA,NA,NA,74,31.65,NA,SRA,475,No
ERR1855260,ERX1917160,ERS1569003,324018,NA,Arctic Ocean metagenomes from HLY1502,2017-02-28,ILLUMINA,1962933,564429860,72.7978,-159.6242,NA,NA,-1.7,32.6,NA,Arctic Ocean,NA,ocean,NA,ocean,NA,NA,NA,NA,NA,NA,NA,NA,NA,NA,marine water body,NA,NA,NA,87,34.5,NA,SRA,288,No
ERR1855261,ERX1917161,ERS1569000,324018,NA,Arctic Ocean metagenomes from HLY1502,2017-02-28,ILLUMINA,1510172,649258624,72.9989,-158.8455,NA,NA,0.4,34.9,NA,Arctic Ocean,NA,ocean,NA,ocean,NA,NA,NA,NA,NA,NA,NA,NA,NA,NA,marine water body,NA,NA,NA,78,32.49,NA,SRA,430,No
ERR1855262,ERX1917162,ERS1568999,324018,NA,Arctic Ocean metagenomes from HLY1502,2017-02-28,ILLUMINA,5546656,1628387258,72.9989,-158.8455,NA,NA,1.6,29.4,NA,Arctic Ocean,NA,ocean,NA,ocean,NA,NA,NA,NA,NA,NA,NA,NA,NA,NA,marine water body,NA,NA,NA,88,34.93,NA,SRA,294,No
ERR1855263,ERX1917163,ERS1568997,324018,NA,Arctic Ocean metagenomes from HLY1502,2017-02-28,ILLUMINA,277024,127879420,72.9989,-158.8455,NA,NA,1.7,31.1,NA,Arctic Ocean,NA,ocean,NA,ocean,NA,NA,NA,NA,NA,NA,NA,NA,NA,NA,marine water body,NA,NA,NA,74,31.58,NA,SRA,462,No
ERR1855264,ERX1917164,ERS1568998,324018,NA,Arctic Ocean metagenomes from HLY1502,2017-02-28,ILLUMINA,617037,209999754,72.9989,-158.8455,NA,NA,1.7,31.1,NA,Arctic Ocean,NA,ocean,NA,ocean,NA,NA,NA,NA,NA,NA,NA,NA,NA,NA,marine water body,NA,NA,NA,84,33.85,NA,SRA,340,No
ERR1855265,ERX1917165,ERS1568993,324018,NA,Arctic Ocean metagenomes from HLY1502,2017-02-28,ILLUMINA,3027587,925105652,72.9989,-158.8455,NA,NA,NA,NA,NA,Arctic Ocean,NA,ocean,NA,ocean,NA,NA,NA,NA,NA,NA,NA,NA,NA,NA,marine water body,NA,NA,NA,86,34.39,NA,SRA,306,No
ERR1855266,ERX1917166,ERS1568985,324018,NA,Arctic Ocean metagenomes from HLY1502,2017-02-28,ILLUMINA,1547091,796961335,77.4476,-147.8711,NA,NA,NA,NA,NA,Arctic Ocean,NA,ocean,NA,ocean,NA,NA,NA,NA,NA,NA,NA,sea ice,NA,NA,marine water body,NA,NA,NA,71,30.95,NA,SRA,515,No
ERR1855267,ERX1917167,ERS1568992,324018,NA,Arctic Ocean metagenomes from HLY1502,2017-02-28,ILLUMINA,2758609,1259880502,78.1739,-147.8331,NA,NA,-0.3,31.1,NA,Arctic Ocean,NA,ocean,NA,ocean,NA,NA,NA,NA,NA,NA,NA,NA,NA,NA,marine water body,NA,NA,NA,76,32.16,NA,SRA,457,No
ERR1855269,ERX1917169,ERS1568982,324018,NA,Arctic Ocean metagenomes from HLY1502,2017-02-28,ILLUMINA,2389295,984260877,85.1603,-149.9723,NA,NA,-2.7,47.9,NA,Arctic Ocean,NA,ocean,NA,ocean,NA,NA,NA,NA,NA,NA,NA,sea ice,NA,NA,marine water body,NA,NA,NA,74,31.59,NA,SRA,412,No
ERR1855270,ERX1917170,ERS1568981,324018,NA,Arctic Ocean metagenomes from HLY1502,2017-02-28,ILLUMINA,2908341,1344872517,85.1603,-149.9723,NA,NA,-1.9,33.6,NA,Arctic Ocean,NA,ocean,NA,ocean,NA,NA,NA,NA,NA,NA,NA,sea ice,NA,NA,marine water body,NA,NA,NA,76,32.12,NA,SRA,462,No
ERR1855271,ERX1917171,ERS1568980,324018,NA,Arctic Ocean metagenomes from HLY1502,2017-02-28,ILLUMINA,2948150,986845639,85.1603,-149.9723,NA,NA,-1.7,32.2,NA,Arctic Ocean,NA,ocean,NA,ocean,NA,NA,NA,NA,NA,NA,NA,sea ice,NA,NA,marine water body,NA,NA,NA,86,34.32,NA,SRA,335,No
ERR1855272,ERX1917172,ERS1568991,324018,NA,Arctic Ocean metagenomes from HLY1502,2017-02-28,ILLUMINA,516886,239018549,85.1603,-149.9723,NA,NA,NA,NA,NA,Arctic Ocean,NA,ocean,NA,ocean,NA,NA,NA,NA,NA,NA,NA,NA,NA,NA,marine water body,NA,NA,NA,82,33.58,NA,SRA,462,No
ERR2168913,ERX2225356,ERS1972306,324018,NA,Arctic Ocean metagenomes from HLY1502,2017-10-13,ILLUMINA,476217,141578690,83.7549,-174.8173,25,NA,NA,28.7,NA,Arctic Ocean,NA,ocean,NA,ocean,NA,NA,NA,NA,NA,NA,NA,NA,NA,NA,marine water body,NA,NA,NA,85,33.95,NA,SRA,297,No
ERR2168914,ERX2225357,ERS1972307,324018,NA,Arctic Ocean metagenomes from HLY1502,2017-10-13,ILLUMINA,486302,142183474,83.7549,-174.8173,25,NA,NA,28.7,NA,Arctic Ocean,NA,ocean,NA,ocean,NA,NA,NA,NA,NA,NA,NA,NA,NA,NA,marine water body,NA,NA,NA,88,34.94,NA,SRA,292,No
ERR2168915,ERX2225358,ERS1972308,324018,NA,Arctic Ocean metagenomes from HLY1502,2017-10-13,ILLUMINA,832222,363493517,83.7143,-174.2108,1242,NA,NA,34.9,NA,Arctic Ocean,NA,ocean,NA,ocean,NA,NA,NA,NA,NA,NA,NA,NA,NA,NA,marine water body,NA,NA,NA,79,32.59,NA,SRA,437,No
ERR2168916,ERX2225359,ERS1972309,324018,NA,Arctic Ocean metagenomes from HLY1502,2017-10-13,ILLUMINA,852510,376461800,83.7143,-174.2108,1242,NA,NA,34.9,NA,Arctic Ocean,NA,ocean,NA,ocean,NA,NA,NA,NA,NA,NA,NA,NA,NA,NA,marine water body,NA,NA,NA,83,33.75,NA,SRA,442,No
ERR2168917,ERX2225360,ERS1972310,324018,NA,Arctic Ocean metagenomes from HLY1502,2017-10-13,ILLUMINA,829095,344527588,83.7143,-174.2108,1803,NA,NA,34.9,NA,Arctic Ocean,NA,ocean,NA,ocean,NA,NA,NA,NA,NA,NA,NA,NA,NA,NA,marine water body,NA,NA,NA,76,31.88,NA,SRA,416,No
ERR2168918,ERX2225361,ERS1972311,324018,NA,Arctic Ocean metagenomes from HLY1502,2017-10-13,ILLUMINA,902302,377613002,83.7143,-174.2108,1803,NA,NA,34.9,NA,Arctic Ocean,NA,ocean,NA,ocean,NA,NA,NA,NA,NA,NA,NA,NA,NA,NA,marine water body,NA,NA,NA,80,33.01,NA,SRA,418,No
ERR2168919,ERX2225362,ERS1972312,324018,NA,Arctic Ocean metagenomes from HLY1502,2017-10-13,ILLUMINA,1195426,486188367,83.7143,-174.2108,2235,NA,NA,35,NA,Arctic Ocean,NA,ocean,NA,ocean,NA,NA,NA,NA,NA,NA,NA,NA,NA,NA,marine water body,NA,NA,NA,79,32.54,NA,SRA,407,No
ERR2168920,ERX2225363,ERS1972313,324018,NA,Arctic Ocean metagenomes from HLY1502,2017-10-13,ILLUMINA,1208468,493895556,83.7143,-174.2108,2235,NA,NA,35,NA,Arctic Ocean,NA,ocean,NA,ocean,NA,NA,NA,NA,NA,NA,NA,NA,NA,NA,marine water body,NA,NA,NA,82,33.64,NA,SRA,409,No
ERR2168921,ERX2225364,ERS1972314,324018,NA,Arctic Ocean metagenomes from HLY1502,2017-10-13,ILLUMINA,958914,422664633,83.7143,-174.2108,2523,NA,NA,35,NA,Arctic Ocean,NA,ocean,NA,ocean,NA,NA,NA,NA,NA,NA,NA,NA,NA,NA,marine water body,NA,NA,NA,77,32.25,NA,SRA,441,No
ERR2168922,ERX2225365,ERS1972315,324018,NA,Arctic Ocean metagenomes from HLY1502,2017-10-13,ILLUMINA,967959,433552606,83.7143,-174.2108,2523,NA,NA,35,NA,Arctic Ocean,NA,ocean,NA,ocean,NA,NA,NA,NA,NA,NA,NA,NA,NA,NA,marine water body,NA,NA,NA,81,33.33,NA,SRA,448,No
ERR2168923,ERX2225366,ERS1972316,324018,NA,Arctic Ocean metagenomes from HLY1502,2017-10-13,ILLUMINA,1006842,352651787,83.7143,-174.2108,2752,NA,NA,35,NA,Arctic Ocean,NA,ocean,NA,ocean,NA,NA,NA,NA,NA,NA,NA,NA,NA,NA,marine water body,NA,NA,NA,82,33.23,NA,SRA,350,No
ERR2168924,ERX2225367,ERS1972317,324018,NA,Arctic Ocean metagenomes from HLY1502,2017-10-13,ILLUMINA,975011,341261322,83.7143,-174.2108,2752,NA,NA,35,NA,Arctic Ocean,NA,ocean,NA,ocean,NA,NA,NA,NA,NA,NA,NA,NA,NA,NA,marine water body,NA,NA,NA,85,34.23,NA,SRA,350,No
ERR2168925,ERX2225368,ERS1972318,324018,NA,Arctic Ocean metagenomes from HLY1502,2017-10-13,ILLUMINA,555998,213147405,83.7143,-174.2108,2831,NA,NA,35,NA,Arctic Ocean,NA,ocean,NA,ocean,NA,NA,NA,NA,NA,NA,NA,NA,NA,NA,marine water body,NA,NA,NA,82,33.36,NA,SRA,383,No
ERR2168926,ERX2225369,ERS1972319,324018,NA,Arctic Ocean metagenomes from HLY1502,2017-10-13,ILLUMINA,568579,217676515,83.7143,-174.2108,2831,NA,NA,35,NA,Arctic Ocean,NA,ocean,NA,ocean,NA,NA,NA,NA,NA,NA,NA,NA,NA,NA,marine water body,NA,NA,NA,86,34.48,NA,SRA,383,No
ERR2168927,ERX2225370,ERS1972320,324018,NA,Arctic Ocean metagenomes from HLY1502,2017-10-13,ILLUMINA,1074675,467271132,83.7143,-174.2108,2901,NA,NA,35,NA,Arctic Ocean,NA,ocean,NA,ocean,NA,NA,NA,NA,NA,NA,NA,NA,NA,NA,marine water body,NA,NA,NA,77,32.25,NA,SRA,435,No
ERR2168928,ERX2225371,ERS1972321,324018,NA,Arctic Ocean metagenomes from HLY1502,2017-10-13,ILLUMINA,1037582,456311865,83.7143,-174.2108,2901,NA,NA,35,NA,Arctic Ocean,NA,ocean,NA,ocean,NA,NA,NA,NA,NA,NA,NA,NA,NA,NA,marine water body,NA,NA,NA,81,33.41,NA,SRA,440,No
ERR2168929,ERX2225372,ERS1972322,324018,NA,Arctic Ocean metagenomes from HLY1502,2017-10-13,ILLUMINA,51498,15720654,83.7549,-174.8173,55,NA,NA,30.2,NA,Arctic Ocean,NA,ocean,NA,ocean,NA,NA,NA,NA,NA,NA,NA,NA,NA,NA,marine water body,NA,NA,NA,83,33.45,NA,SRA,305,No
ERR2168930,ERX2225373,ERS1972323,324018,NA,Arctic Ocean metagenomes from HLY1502,2017-10-13,ILLUMINA,54185,16388441,83.7549,-174.8173,55,NA,NA,30.2,NA,Arctic Ocean,NA,ocean,NA,ocean,NA,NA,NA,NA,NA,NA,NA,NA,NA,NA,marine water body,NA,NA,NA,86,34.27,NA,SRA,302,No
ERR2168931,ERX2225374,ERS1972324,324018,NA,Arctic Ocean metagenomes from HLY1502,2017-10-13,ILLUMINA,863476,268177494,83.7549,-174.8173,73,NA,NA,32.2,NA,Arctic Ocean,NA,ocean,NA,ocean,NA,NA,NA,NA,NA,NA,NA,NA,NA,NA,marine water body,NA,NA,NA,81,32.98,NA,SRA,311,No
ERR2168932,ERX2225375,ERS1972325,324018,NA,Arctic Ocean metagenomes from HLY1502,2017-10-13,ILLUMINA,983368,301956518,83.7549,-174.8173,73,NA,NA,32.2,NA,Arctic Ocean,NA,ocean,NA,ocean,NA,NA,NA,NA,NA,NA,NA,NA,NA,NA,marine water body,NA,NA,NA,85,34.02,NA,SRA,307,No
ERR2168933,ERX2225376,ERS1972326,324018,NA,Arctic Ocean metagenomes from HLY1502,2017-10-13,ILLUMINA,592311,245717027,83.7549,-174.8173,100,NA,NA,33.5,NA,Arctic Ocean,NA,ocean,NA,ocean,NA,NA,NA,NA,NA,NA,NA,NA,NA,NA,marine water body,NA,NA,NA,79,32.71,NA,SRA,415,No
ERR2168934,ERX2225377,ERS1972327,324018,NA,Arctic Ocean metagenomes from HLY1502,2017-10-13,ILLUMINA,611879,256356596,83.7549,-174.8173,100,NA,NA,33.5,NA,Arctic Ocean,NA,ocean,NA,ocean,NA,NA,NA,NA,NA,NA,NA,NA,NA,NA,marine water body,NA,NA,NA,83,33.81,NA,SRA,419,No
ERR2168935,ERX2225378,ERS1972328,324018,NA,Arctic Ocean metagenomes from HLY1502,2017-10-13,ILLUMINA,994326,446521435,83.7549,-174.8173,147,NA,NA,34.2,NA,Arctic Ocean,NA,ocean,NA,ocean,NA,NA,NA,NA,NA,NA,NA,NA,NA,NA,marine water body,NA,NA,NA,78,32.36,NA,SRA,449,No
ERR2168936,ERX2225379,ERS1972329,324018,NA,Arctic Ocean metagenomes from HLY1502,2017-10-13,ILLUMINA,1031171,470360971,83.7549,-174.8173,147,NA,NA,34.2,NA,Arctic Ocean,NA,ocean,NA,ocean,NA,NA,NA,NA,NA,NA,NA,NA,NA,NA,marine water body,NA,NA,NA,82,33.51,NA,SRA,456,No
ERR2168937,ERX2225380,ERS1972330,324018,NA,Arctic Ocean metagenomes from HLY1502,2017-10-13,ILLUMINA,1278722,514148425,83.7549,-174.8173,210,NA,NA,34.6,NA,Arctic Ocean,NA,ocean,NA,ocean,NA,NA,NA,NA,NA,NA,NA,NA,NA,NA,marine water body,NA,NA,NA,79,32.68,NA,SRA,402,No
ERR2168938,ERX2225381,ERS1972331,324018,NA,Arctic Ocean metagenomes from HLY1502,2017-10-13,ILLUMINA,1281252,518356359,83.7549,-174.8173,210,NA,NA,34.6,NA,Arctic Ocean,NA,ocean,NA,ocean,NA,NA,NA,NA,NA,NA,NA,NA,NA,NA,marine water body,NA,NA,NA,83,33.78,NA,SRA,405,No
ERR2168939,ERX2225382,ERS1972332,324018,NA,Arctic Ocean metagenomes from HLY1502,2017-10-13,ILLUMINA,661059,286813116,83.7549,-174.8173,367,NA,NA,34.9,NA,Arctic Ocean,NA,ocean,NA,ocean,NA,NA,NA,NA,NA,NA,NA,NA,NA,NA,marine water body,NA,NA,NA,80,32.94,NA,SRA,434,No
ERR2168940,ERX2225383,ERS1972333,324018,NA,Arctic Ocean metagenomes from HLY1502,2017-10-13,ILLUMINA,723532,316468230,83.7549,-174.8173,367,NA,NA,34.9,NA,Arctic Ocean,NA,ocean,NA,ocean,NA,NA,NA,NA,NA,NA,NA,NA,NA,NA,marine water body,NA,NA,NA,85,34.15,NA,SRA,437,No
ERR2168941,ERX2225384,ERS1972334,324018,NA,Arctic Ocean metagenomes from HLY1502,2017-10-13,ILLUMINA,465035,220827189,83.7549,-174.8173,524,NA,NA,34.9,NA,Arctic Ocean,NA,ocean,NA,ocean,NA,NA,NA,NA,NA,NA,NA,NA,NA,NA,marine water body,NA,NA,NA,75,31.65,NA,SRA,475,No
ERR2168942,ERX2225385,ERS1972335,324018,NA,Arctic Ocean metagenomes from HLY1502,2017-10-13,ILLUMINA,470026,227600324,83.7549,-174.8173,524,NA,NA,34.9,NA,Arctic Ocean,NA,ocean,NA,ocean,NA,NA,NA,NA,NA,NA,NA,NA,NA,NA,marine water body,NA,NA,NA,79,32.78,NA,SRA,484,No
ERR2168943,ERX2225386,ERS1972336,324018,NA,Arctic Ocean metagenomes from HLY1502,2017-10-13,ILLUMINA,1063172,411418928,83.7143,-174.2108,745,NA,NA,34.9,NA,Arctic Ocean,NA,ocean,NA,ocean,NA,NA,NA,NA,NA,NA,NA,NA,NA,NA,marine water body,NA,NA,NA,81,33.04,NA,SRA,387,No
ERR2168944,ERX2225387,ERS1972337,324018,NA,Arctic Ocean metagenomes from HLY1502,2017-10-13,ILLUMINA,1062314,412634288,83.7143,-174.2108,745,NA,NA,34.9,NA,Arctic Ocean,NA,ocean,NA,ocean,NA,NA,NA,NA,NA,NA,NA,NA,NA,NA,marine water body,NA,NA,NA,85,34.11,NA,SRA,388,No
ERR2168981,ERX2225424,ERS1972374,324018,NA,Arctic Ocean metagenomes from HLY1502,2017-10-13,ILLUMINA,283262,138633044,76.5357,-173.095,1,NA,NA,NA,NA,Arctic Ocean,NA,ocean,NA,ocean,NA,NA,NA,NA,NA,NA,NA,NA,NA,NA,marine water body,NA,NA,NA,83,33.8,NA,SRA,489,No
ERR2168982,ERX2225425,ERS1972375,324018,NA,Arctic Ocean metagenomes from HLY1502,2017-10-13,ILLUMINA,265869,131326120,76.5357,-173.095,1,NA,NA,NA,NA,Arctic Ocean,NA,ocean,NA,ocean,NA,NA,NA,NA,NA,NA,NA,NA,NA,NA,marine water body,NA,NA,NA,87,34.77,NA,SRA,494,No
ERR2169001,ERX2225444,ERS1972394,324018,NA,Arctic Ocean metagenomes from HLY1502,2017-10-13,ILLUMINA,516485,241489456,85,-150,0.5,NA,NA,NA,NA,Arctic Ocean,NA,ocean,NA,ocean,NA,NA,NA,NA,NA,NA,NA,sea ice,NA,NA,marine water body,NA,NA,NA,82,33.66,NA,SRA,468,No
ERR2169002,ERX2225445,ERS1972395,324018,NA,Arctic Ocean metagenomes from HLY1502,2017-10-13,ILLUMINA,483358,229498322,85,-150,0.5,NA,NA,NA,NA,Arctic Ocean,NA,ocean,NA,ocean,NA,NA,NA,NA,NA,NA,NA,sea ice,NA,NA,marine water body,NA,NA,NA,86,34.52,NA,SRA,475,No
ERR2169003,ERX2225446,ERS1972396,324018,NA,Arctic Ocean metagenomes from HLY1502,2017-10-13,ILLUMINA,883183,414785943,85,-150,0.3,NA,NA,NA,NA,Arctic Ocean,NA,ocean,NA,ocean,NA,NA,NA,NA,NA,NA,NA,sea ice,NA,NA,marine water body,NA,NA,NA,80,32.99,NA,SRA,470,No
ERR2169004,ERX2225447,ERS1972397,324018,NA,Arctic Ocean metagenomes from HLY1502,2017-10-13,ILLUMINA,651104,310308187,85,-150,0.3,NA,NA,NA,NA,Arctic Ocean,NA,ocean,NA,ocean,NA,NA,NA,NA,NA,NA,NA,sea ice,NA,NA,marine water body,NA,NA,NA,83,33.88,NA,SRA,477,No
ERR2169005,ERX2225448,ERS1972398,324018,NA,Arctic Ocean metagenomes from HLY1502,2017-10-13,ILLUMINA,634544,307659303,85.1603,-149.9723,0.1,NA,NA,NA,NA,Arctic Ocean,NA,ocean,NA,ocean,NA,NA,NA,NA,NA,NA,NA,sea ice,NA,NA,marine water body,NA,NA,NA,81,33.4,NA,SRA,485,No
ERR2169006,ERX2225449,ERS1972399,324018,NA,Arctic Ocean metagenomes from HLY1502,2017-10-13,ILLUMINA,613176,301682664,85.1603,-149.9723,0.1,NA,NA,NA,NA,Arctic Ocean,NA,ocean,NA,ocean,NA,NA,NA,NA,NA,NA,NA,sea ice,NA,NA,marine water body,NA,NA,NA,85,34.23,NA,SRA,492,No
ERR2169007,ERX2225450,ERS1972400,324018,NA,Arctic Ocean metagenomes from HLY1502,2017-10-13,ILLUMINA,17,7181,85.1603,-149.9723,0.7,NA,NA,NA,NA,Arctic Ocean,NA,ocean,NA,ocean,NA,NA,NA,NA,NA,NA,NA,sea ice,NA,NA,marine water body,NA,NA,NA,51,25.17,NA,SRA,422,No
ERR2169008,ERX2225451,ERS1972401,324018,NA,Arctic Ocean metagenomes from HLY1502,2017-10-13,ILLUMINA,15,6210,85.1603,-149.9723,0.7,NA,NA,NA,NA,Arctic Ocean,NA,ocean,NA,ocean,NA,NA,NA,NA,NA,NA,NA,sea ice,NA,NA,marine water body,NA,NA,NA,48,24.51,NA,SRA,414,No
ERR2169009,ERX2225452,ERS1972402,324018,NA,Arctic Ocean metagenomes from HLY1502,2017-10-13,ILLUMINA,598834,300510181,85.1603,-149.9723,1.5,NA,NA,NA,NA,Arctic Ocean,NA,ocean,NA,ocean,NA,NA,NA,NA,NA,NA,NA,sea ice,NA,NA,marine water body,NA,NA,NA,82,33.71,NA,SRA,502,No
ERR2169010,ERX2225453,ERS1972403,324018,NA,Arctic Ocean metagenomes from HLY1502,2017-10-13,ILLUMINA,620038,314721900,85.1603,-149.9723,1.5,NA,NA,NA,NA,Arctic Ocean,NA,ocean,NA,ocean,NA,NA,NA,NA,NA,NA,NA,sea ice,NA,NA,marine water body,NA,NA,NA,87,34.65,NA,SRA,508,No
ERR2169011,ERX2225454,ERS1972404,324018,NA,Arctic Ocean metagenomes from HLY1502,2017-10-13,ILLUMINA,587633,277859184,85.1603,-149.9723,1.3,NA,NA,NA,NA,Arctic Ocean,NA,ocean,NA,ocean,NA,NA,NA,NA,NA,NA,NA,sea ice,NA,NA,marine water body,NA,NA,NA,80,33.09,NA,SRA,473,No
ERR2169012,ERX2225455,ERS1972405,324018,NA,Arctic Ocean metagenomes from HLY1502,2017-10-13,ILLUMINA,448245,215754764,85.1603,-149.9723,1.3,NA,NA,NA,NA,Arctic Ocean,NA,ocean,NA,ocean,NA,NA,NA,NA,NA,NA,NA,sea ice,NA,NA,marine water body,NA,NA,NA,85,34.23,NA,SRA,481,No
ERR2169013,ERX2225456,ERS1972406,324018,NA,Arctic Ocean metagenomes from HLY1502,2017-10-13,ILLUMINA,1077158,504524124,85.1603,-149.9723,0.5,NA,NA,NA,NA,Arctic Ocean,NA,ocean,NA,ocean,NA,NA,NA,NA,NA,NA,NA,sea ice,NA,NA,marine water body,NA,NA,NA,79,32.81,NA,SRA,468,No
ERR2169014,ERX2225457,ERS1972407,324018,NA,Arctic Ocean metagenomes from HLY1502,2017-10-13,ILLUMINA,990221,474402271,85.1603,-149.9723,0.5,NA,NA,NA,NA,Arctic Ocean,NA,ocean,NA,ocean,NA,NA,NA,NA,NA,NA,NA,sea ice,NA,NA,marine water body,NA,NA,NA,83,33.74,NA,SRA,479,No
ERR2169015,ERX2225458,ERS1972408,324018,NA,Arctic Ocean metagenomes from HLY1502,2017-10-13,ILLUMINA,510944,258131920,82.5038,-149.7905,0,NA,NA,NA,NA,Arctic Ocean,NA,ocean,NA,ocean,NA,NA,NA,NA,NA,NA,NA,NA,NA,NA,marine water body,NA,NA,NA,77,32.34,NA,SRA,505,No
ERR2169016,ERX2225459,ERS1972409,324018,NA,Arctic Ocean metagenomes from HLY1502,2017-10-13,ILLUMINA,388418,198383852,82.5038,-149.7905,0,NA,NA,NA,NA,Arctic Ocean,NA,ocean,NA,ocean,NA,NA,NA,NA,NA,NA,NA,NA,NA,NA,marine water body,NA,NA,NA,81,33.26,NA,SRA,511,No
ERR2169017,ERX2225460,ERS1972410,324018,NA,Arctic Ocean metagenomes from HLY1502,2017-10-13,ILLUMINA,669859,331927917,82.5038,-149.7905,1,NA,NA,NA,NA,Arctic Ocean,NA,ocean,NA,ocean,NA,NA,NA,NA,NA,NA,NA,NA,NA,NA,marine water body,NA,NA,NA,84,34.02,NA,SRA,496,No
ERR2169018,ERX2225461,ERS1972411,324018,NA,Arctic Ocean metagenomes from HLY1502,2017-10-13,ILLUMINA,730218,366443449,82.5038,-149.7905,1,NA,NA,NA,NA,Arctic Ocean,NA,ocean,NA,ocean,NA,NA,NA,NA,NA,NA,NA,NA,NA,NA,marine water body,NA,NA,NA,87,34.84,NA,SRA,502,No
ERR2169019,ERX2225462,ERS1972412,324018,NA,Arctic Ocean metagenomes from HLY1502,2017-10-13,ILLUMINA,445830,222799162,82.5038,-149.7905,5,NA,NA,NA,NA,Arctic Ocean,NA,ocean,NA,ocean,NA,NA,NA,NA,NA,NA,NA,NA,NA,NA,marine water body,NA,NA,NA,77,32.44,NA,SRA,500,No
ERR2169020,ERX2225463,ERS1972413,324018,NA,Arctic Ocean metagenomes from HLY1502,2017-10-13,ILLUMINA,323118,163721409,82.5038,-149.7905,5,NA,NA,NA,NA,Arctic Ocean,NA,ocean,NA,ocean,NA,NA,NA,NA,NA,NA,NA,NA,NA,NA,marine water body,NA,NA,NA,81,33.34,NA,SRA,507,No
ERR2169021,ERX2225464,ERS1972414,324018,NA,Arctic Ocean metagenomes from HLY1502,2017-10-13,ILLUMINA,726594,348402747,82.5038,-149.7905,0.7,NA,NA,NA,NA,Arctic Ocean,NA,ocean,NA,ocean,NA,NA,NA,NA,NA,NA,NA,sea ice,NA,NA,marine water body,NA,NA,NA,79,32.81,NA,SRA,480,No
ERR2169022,ERX2225465,ERS1972415,324018,NA,Arctic Ocean metagenomes from HLY1502,2017-10-13,ILLUMINA,502363,245127144,82.5038,-149.7905,0.7,NA,NA,NA,NA,Arctic Ocean,NA,ocean,NA,ocean,NA,NA,NA,NA,NA,NA,NA,sea ice,NA,NA,marine water body,NA,NA,NA,83,33.72,NA,SRA,488,No
ERR2169023,ERX2225466,ERS1972416,324018,NA,Arctic Ocean metagenomes from HLY1502,2017-10-13,ILLUMINA,300143,131472338,82.5038,-149.7905,0.5,NA,NA,NA,NA,Arctic Ocean,NA,ocean,NA,ocean,NA,NA,NA,NA,NA,NA,NA,sea ice,NA,NA,marine water body,NA,NA,NA,78,32.51,NA,SRA,438,No
ERR2169024,ERX2225467,ERS1972417,324018,NA,Arctic Ocean metagenomes from HLY1502,2017-10-13,ILLUMINA,323283,141242613,82.5038,-149.7905,0.5,NA,NA,NA,NA,Arctic Ocean,NA,ocean,NA,ocean,NA,NA,NA,NA,NA,NA,NA,sea ice,NA,NA,marine water body,NA,NA,NA,83,33.85,NA,SRA,437,No
ERR2169025,ERX2225468,ERS1972418,324018,NA,Arctic Ocean metagenomes from HLY1502,2017-10-13,ILLUMINA,42186,13532155,82.5038,-149.7905,0.3,NA,NA,NA,NA,Arctic Ocean,NA,ocean,NA,ocean,NA,NA,NA,NA,NA,NA,NA,sea ice,NA,NA,marine water body,NA,NA,NA,85,34.07,NA,SRA,321,No
ERR2169026,ERX2225469,ERS1972419,324018,NA,Arctic Ocean metagenomes from HLY1502,2017-10-13,ILLUMINA,26858,8723638,82.5038,-149.7905,0.3,NA,NA,NA,NA,Arctic Ocean,NA,ocean,NA,ocean,NA,NA,NA,NA,NA,NA,NA,sea ice,NA,NA,marine water body,NA,NA,NA,87,34.66,NA,SRA,325,No
ERR2169027,ERX2225470,ERS1972420,324018,NA,Arctic Ocean metagenomes from HLY1502,2017-10-13,ILLUMINA,2154,1126293,82.5038,-149.7905,0.1,NA,NA,NA,NA,Arctic Ocean,NA,ocean,NA,ocean,NA,NA,NA,NA,NA,NA,NA,sea ice,NA,NA,marine water body,NA,NA,NA,62,28.51,NA,SRA,523,No
ERR2169028,ERX2225471,ERS1972421,324018,NA,Arctic Ocean metagenomes from HLY1502,2017-10-13,ILLUMINA,2001,1051337,82.5038,-149.7905,0.1,NA,NA,NA,NA,Arctic Ocean,NA,ocean,NA,ocean,NA,NA,NA,NA,NA,NA,NA,sea ice,NA,NA,marine water body,NA,NA,NA,68,29.98,NA,SRA,525,No
ERR2169029,ERX2225472,ERS1972422,324018,NA,Arctic Ocean metagenomes from HLY1502,2017-10-13,ILLUMINA,305094,156018949,78.1655,-147.8611,1,NA,NA,27.7,NA,Arctic Ocean,NA,ocean,NA,ocean,NA,NA,NA,NA,NA,NA,NA,NA,NA,NA,marine water body,NA,NA,NA,79,32.9,NA,SRA,511,No
ERR2169030,ERX2225473,ERS1972423,324018,NA,Arctic Ocean metagenomes from HLY1502,2017-10-13,ILLUMINA,307336,158071397,78.1655,-147.8611,1,NA,NA,27.7,NA,Arctic Ocean,NA,ocean,NA,ocean,NA,NA,NA,NA,NA,NA,NA,NA,NA,NA,marine water body,NA,NA,NA,83,33.86,NA,SRA,514,No
ERR2169031,ERX2225474,ERS1972424,324018,NA,Arctic Ocean metagenomes from HLY1502,2017-10-13,ILLUMINA,248662,119331387,77.4476,-147.8711,1,NA,NA,35.2,NA,Arctic Ocean,NA,ocean,NA,ocean,NA,NA,NA,NA,NA,NA,NA,NA,NA,NA,marine water body,NA,NA,NA,80,33.16,NA,SRA,480,No
ERR2169032,ERX2225475,ERS1972425,324018,NA,Arctic Ocean metagenomes from HLY1502,2017-10-13,ILLUMINA,239090,115426179,77.4476,-147.8711,1,NA,NA,35.2,NA,Arctic Ocean,NA,ocean,NA,ocean,NA,NA,NA,NA,NA,NA,NA,NA,NA,NA,marine water body,NA,NA,NA,84,34.1,NA,SRA,483,No
ERR2169033,ERX2225476,ERS1972426,324018,NA,Arctic Ocean metagenomes from HLY1502,2017-10-13,ILLUMINA,28144,14356989,77.0066,-148.8366,20.3,NA,NA,28.1,NA,Arctic Ocean,NA,ocean,NA,ocean,NA,NA,NA,NA,NA,NA,NA,NA,NA,NA,marine water body,NA,NA,NA,75,31.87,NA,SRA,510,No
ERR2169034,ERX2225477,ERS1972427,324018,NA,Arctic Ocean metagenomes from HLY1502,2017-10-13,ILLUMINA,17772,9273644,77.0066,-148.8366,20.3,NA,NA,28.1,NA,Arctic Ocean,NA,ocean,NA,ocean,NA,NA,NA,NA,NA,NA,NA,NA,NA,NA,marine water body,NA,NA,NA,81,33.19,NA,SRA,522,No
ERR2169035,ERX2225478,ERS1972428,324018,NA,Arctic Ocean metagenomes from HLY1502,2017-10-13,ILLUMINA,850540,363878913,77.0066,-148.8366,65.4,NA,NA,31.2,NA,Arctic Ocean,NA,ocean,NA,ocean,NA,NA,NA,NA,NA,NA,NA,NA,NA,NA,marine water body,NA,NA,NA,85,34.26,NA,SRA,428,No
ERR2169036,ERX2225479,ERS1972429,324018,NA,Arctic Ocean metagenomes from HLY1502,2017-10-13,ILLUMINA,519961,226576539,77.0066,-148.8366,65.4,NA,NA,31.2,NA,Arctic Ocean,NA,ocean,NA,ocean,NA,NA,NA,NA,NA,NA,NA,NA,NA,NA,marine water body,NA,NA,NA,88,35.03,NA,SRA,436,No
ERR2169037,ERX2225480,ERS1972430,324018,NA,Arctic Ocean metagenomes from HLY1502,2017-10-13,ILLUMINA,364595,185357507,77.0066,-148.8366,40.7,NA,NA,29.2,NA,Arctic Ocean,NA,ocean,NA,ocean,NA,NA,NA,NA,NA,NA,NA,NA,NA,NA,marine water body,NA,NA,NA,80,33.14,NA,SRA,508,No
ERR2169038,ERX2225481,ERS1972431,324018,NA,Arctic Ocean metagenomes from HLY1502,2017-10-13,ILLUMINA,366180,188793144,77.0066,-148.8366,40.7,NA,NA,29.2,NA,Arctic Ocean,NA,ocean,NA,ocean,NA,NA,NA,NA,NA,NA,NA,NA,NA,NA,marine water body,NA,NA,NA,84,34,NA,SRA,516,No
ERR2169039,ERX2225482,ERS1972432,324018,NA,Arctic Ocean metagenomes from HLY1502,2017-10-13,ILLUMINA,213513,115753916,76.5011,-149.5091,1,NA,NA,32.8,NA,Arctic Ocean,NA,ocean,NA,ocean,NA,NA,NA,NA,NA,NA,NA,NA,NA,NA,marine water body,NA,NA,NA,75,32,NA,SRA,542,No
ERR2169040,ERX2225483,ERS1972433,324018,NA,Arctic Ocean metagenomes from HLY1502,2017-10-13,ILLUMINA,147404,80950800,76.5011,-149.5091,1,NA,NA,32.8,NA,Arctic Ocean,NA,ocean,NA,ocean,NA,NA,NA,NA,NA,NA,NA,NA,NA,NA,marine water body,NA,NA,NA,80,33.19,NA,SRA,549,No
ERR2169041,ERX2225484,ERS1972434,324018,NA,Arctic Ocean metagenomes from HLY1502,2017-10-13,ILLUMINA,83949,46644799,76.5011,-149.5091,60.7,NA,NA,30.6,NA,Arctic Ocean,NA,ocean,NA,ocean,NA,NA,NA,NA,NA,NA,NA,NA,NA,NA,marine water body,NA,NA,NA,75,31.99,NA,SRA,556,No
ERR2169042,ERX2225485,ERS1972435,324018,NA,Arctic Ocean metagenomes from HLY1502,2017-10-13,ILLUMINA,62830,35202459,76.5011,-149.5091,60.7,NA,NA,30.6,NA,Arctic Ocean,NA,ocean,NA,ocean,NA,NA,NA,NA,NA,NA,NA,NA,NA,NA,marine water body,NA,NA,NA,80,33.01,NA,SRA,560,No
ERR2169043,ERX2225486,ERS1972436,324018,NA,Arctic Ocean metagenomes from HLY1502,2017-10-13,ILLUMINA,202423,97508891,76.5011,-149.5091,19.7,NA,NA,26.4,NA,Arctic Ocean,NA,ocean,NA,ocean,NA,NA,NA,NA,NA,NA,NA,NA,NA,NA,marine water body,NA,NA,NA,81,33.21,NA,SRA,482,No
ERR2169044,ERX2225487,ERS1972437,324018,NA,Arctic Ocean metagenomes from HLY1502,2017-10-13,ILLUMINA,210867,102153406,76.5011,-149.5091,19.7,NA,NA,26.4,NA,Arctic Ocean,NA,ocean,NA,ocean,NA,NA,NA,NA,NA,NA,NA,NA,NA,NA,marine water body,NA,NA,NA,84,34.06,NA,SRA,484,No
ERR2169045,ERX2225488,ERS1972438,324018,NA,Arctic Ocean metagenomes from HLY1502,2017-10-13,ILLUMINA,311695,138997988,76.5011,-149.5091,40.3,NA,NA,29.1,NA,Arctic Ocean,NA,ocean,NA,ocean,NA,NA,NA,NA,NA,NA,NA,NA,NA,NA,marine water body,NA,NA,NA,83,33.65,NA,SRA,446,No
ERR2169046,ERX2225489,ERS1972439,324018,NA,Arctic Ocean metagenomes from HLY1502,2017-10-13,ILLUMINA,199540,91021258,76.5011,-149.5091,40.3,NA,NA,29.1,NA,Arctic Ocean,NA,ocean,NA,ocean,NA,NA,NA,NA,NA,NA,NA,NA,NA,NA,marine water body,NA,NA,NA,86,34.54,NA,SRA,456,No
ERR2169047,ERX2225490,ERS1972440,324018,NA,Arctic Ocean metagenomes from HLY1502,2017-10-13,ILLUMINA,11149,4475679,72.9997,-158.7448,110.9,NA,NA,32.4,NA,Arctic Ocean,NA,ocean,NA,ocean,NA,NA,NA,NA,NA,NA,NA,NA,NA,NA,marine water body,NA,NA,NA,81,33.14,NA,SRA,401,No
ERR2169048,ERX2225491,ERS1972441,324018,NA,Arctic Ocean metagenomes from HLY1502,2017-10-13,ILLUMINA,5702,2324207,72.9997,-158.7448,110.9,NA,NA,32.4,NA,Arctic Ocean,NA,ocean,NA,ocean,NA,NA,NA,NA,NA,NA,NA,NA,NA,NA,marine water body,NA,NA,NA,85,34.17,NA,SRA,408,No
ERR2169049,ERX2225492,ERS1972442,324018,NA,Arctic Ocean metagenomes from HLY1502,2017-10-13,ILLUMINA,439,198706,72.9997,-158.7448,36.6,NA,NA,30.1,NA,Arctic Ocean,NA,ocean,NA,ocean,NA,NA,NA,NA,NA,NA,NA,NA,NA,NA,marine water body,NA,NA,NA,81,33.11,NA,SRA,453,No
ERR2169050,ERX2225493,ERS1972443,324018,NA,Arctic Ocean metagenomes from HLY1502,2017-10-13,ILLUMINA,38,17742,72.9997,-158.7448,36.6,NA,NA,30.1,NA,Arctic Ocean,NA,ocean,NA,ocean,NA,NA,NA,NA,NA,NA,NA,NA,NA,NA,marine water body,NA,NA,NA,54,26.35,NA,SRA,467,No
ERR2169051,ERX2225494,ERS1972444,324018,NA,Arctic Ocean metagenomes from HLY1502,2017-10-13,ILLUMINA,38,18456,72.9997,-158.7448,336.2,NA,NA,34.8,NA,Arctic Ocean,NA,ocean,NA,ocean,NA,NA,NA,NA,NA,NA,NA,NA,NA,NA,marine water body,NA,NA,NA,43,23.46,NA,SRA,486,No
ERR2169052,ERX2225495,ERS1972445,324018,NA,Arctic Ocean metagenomes from HLY1502,2017-10-13,ILLUMINA,26,14101,72.9997,-158.7448,336.2,NA,NA,34.8,NA,Arctic Ocean,NA,ocean,NA,ocean,NA,NA,NA,NA,NA,NA,NA,NA,NA,NA,marine water body,NA,NA,NA,45,24.37,NA,SRA,542,No
ERR2169053,ERX2225496,ERS1972446,324018,NA,Arctic Ocean metagenomes from HLY1502,2017-10-13,ILLUMINA,111779,46223543,72.0271,-162.5408,1,NA,NA,NA,NA,Arctic Ocean,NA,ocean,NA,ocean,NA,NA,NA,NA,NA,NA,NA,NA,NA,NA,marine water body,NA,NA,NA,86,34.56,NA,SRA,414,No
ERR2169054,ERX2225497,ERS1972447,324018,NA,Arctic Ocean metagenomes from HLY1502,2017-10-13,ILLUMINA,72877,31140404,72.0271,-162.5408,1,NA,NA,NA,NA,Arctic Ocean,NA,ocean,NA,ocean,NA,NA,NA,NA,NA,NA,NA,NA,NA,NA,marine water body,NA,NA,NA,90,35.33,NA,SRA,427,No
ERR2762106,ERX2775059,ERS1308437,288560,NA,Shotgun Sequencing of Tara Oceans Polar Circle DNA samples corresponding to size fractions for  small DNA viruses.,2018-08-30,ILLUMINA,207655027,41173855038,67.161,0.3964,NA,NA,NA,35.1,NA,Atlantic Ocean,NA,ocean,NA,ocean,NA,planktonic material,particulate matter,NA,NA,NA,NA,NA,NA,NA,NA,epipelagic zone,NA,NA,92,36.11,NA,SRA,198,No
ERR2762107,ERX2775060,ERS1308437,288560,NA,Shotgun Sequencing of Tara Oceans Polar Circle DNA samples corresponding to size fractions for  small DNA viruses.,2018-08-30,ILLUMINA,51260244,10096938655,67.161,0.3964,NA,NA,NA,35.1,NA,Atlantic Ocean,NA,ocean,NA,ocean,NA,planktonic material,particulate matter,NA,NA,NA,NA,NA,NA,NA,NA,epipelagic zone,NA,NA,90,35.59,NA,SRA,197,No
ERR2762108,ERX2775061,ERS1308472,288560,NA,Shotgun Sequencing of Tara Oceans Polar Circle DNA samples corresponding to size fractions for  small DNA viruses.,2018-08-30,ILLUMINA,239678325,47052861060,67.1675,0.2177,NA,NA,NA,34.9,NA,Atlantic Ocean,NA,ocean,NA,ocean,NA,planktonic material,particulate matter,NA,NA,NA,NA,NA,NA,NA,NA,mesopelagic zone,NA,NA,89,35.2,NA,SRA,196,No
ERR2762109,ERX2775062,ERS1308472,288560,NA,Shotgun Sequencing of Tara Oceans Polar Circle DNA samples corresponding to size fractions for  small DNA viruses.,2018-08-30,ILLUMINA,55927944,10923218525,67.1675,0.2177,NA,NA,NA,34.9,NA,Atlantic Ocean,NA,ocean,NA,ocean,NA,planktonic material,particulate matter,NA,NA,NA,NA,NA,NA,NA,NA,mesopelagic zone,NA,NA,88,34.97,NA,SRA,195,No
ERR2762110,ERX2775063,ERS1308390,288560,NA,Shotgun Sequencing of Tara Oceans Polar Circle DNA samples corresponding to size fractions for  small DNA viruses.,2018-08-30,ILLUMINA,52869925,10419832660,67.141,0.2355,NA,NA,NA,35.1,NA,Atlantic Ocean,NA,ocean,NA,ocean,NA,planktonic material,particulate matter,NA,NA,NA,surface water,NA,NA,NA,NA,epipelagic zone,NA,NA,91,35.75,NA,SRA,197,No
ERR2762111,ERX2775064,ERS1308390,288560,NA,Shotgun Sequencing of Tara Oceans Polar Circle DNA samples corresponding to size fractions for  small DNA viruses.,2018-08-30,ILLUMINA,218536455,42978000454,67.141,0.2355,NA,NA,NA,35.1,NA,Atlantic Ocean,NA,ocean,NA,ocean,NA,planktonic material,particulate matter,NA,NA,NA,surface water,NA,NA,NA,NA,epipelagic zone,NA,NA,91,35.54,NA,SRA,197,No
ERR2762112,ERX2775065,ERS1308540,288560,NA,Shotgun Sequencing of Tara Oceans Polar Circle DNA samples corresponding to size fractions for  small DNA viruses.,2018-08-30,ILLUMINA,50611517,10044956818,76.1246,1.3648,NA,NA,NA,34.9,NA,Atlantic Ocean,NA,ocean,NA,ocean,NA,planktonic material,particulate matter,NA,NA,NA,NA,NA,NA,NA,NA,mesopelagic zone,NA,NA,92,35.97,NA,SRA,198,No
ERR2762113,ERX2775066,ERS1308540,288560,NA,Shotgun Sequencing of Tara Oceans Polar Circle DNA samples corresponding to size fractions for  small DNA viruses.,2018-08-30,ILLUMINA,221676611,44028996730,76.1246,1.3648,NA,NA,NA,34.9,NA,Atlantic Ocean,NA,ocean,NA,ocean,NA,planktonic material,particulate matter,NA,NA,NA,NA,NA,NA,NA,NA,mesopelagic zone,NA,NA,93,35.97,NA,SRA,199,No
ERR2762114,ERX2775067,ERS1308500,288560,NA,Shotgun Sequencing of Tara Oceans Polar Circle DNA samples corresponding to size fractions for  small DNA viruses.,2018-08-30,ILLUMINA,63290543,12510806981,76.1825,1.3918,NA,NA,NA,34.9,NA,Atlantic Ocean,NA,ocean,NA,ocean,NA,planktonic material,particulate matter,NA,NA,NA,surface water,NA,NA,NA,NA,epipelagic zone,NA,NA,91,35.76,NA,SRA,198,No
ERR2762115,ERX2775068,ERS1308500,288560,NA,Shotgun Sequencing of Tara Oceans Polar Circle DNA samples corresponding to size fractions for  small DNA viruses.,2018-08-30,ILLUMINA,239198594,47277030872,76.1825,1.3918,NA,NA,NA,34.9,NA,Atlantic Ocean,NA,ocean,NA,ocean,NA,planktonic material,particulate matter,NA,NA,NA,surface water,NA,NA,NA,NA,epipelagic zone,NA,NA,91,35.7,NA,SRA,198,No
ERR2762116,ERX2775069,ERS1308623,288560,NA,Shotgun Sequencing of Tara Oceans Polar Circle DNA samples corresponding to size fractions for  small DNA viruses.,2018-08-30,ILLUMINA,199081091,39235317672,72.5432,44.102,NA,NA,NA,35,NA,Arctic Ocean,NA,ocean,NA,ocean,NA,planktonic material,particulate matter,NA,NA,NA,NA,NA,NA,NA,NA,epipelagic zone,NA,NA,93,36.15,NA,SRA,197,No
ERR2762117,ERX2775070,ERS1308623,288560,NA,Shotgun Sequencing of Tara Oceans Polar Circle DNA samples corresponding to size fractions for  small DNA viruses.,2018-08-30,ILLUMINA,39527349,7760004550,72.5432,44.102,NA,NA,NA,35,NA,Arctic Ocean,NA,ocean,NA,ocean,NA,planktonic material,particulate matter,NA,NA,NA,NA,NA,NA,NA,NA,epipelagic zone,NA,NA,90,35.46,NA,SRA,196,No
ERR2762118,ERX2775071,ERS1308664,288560,NA,Shotgun Sequencing of Tara Oceans Polar Circle DNA samples corresponding to size fractions for  small DNA viruses.,2018-08-30,ILLUMINA,230465284,45471930173,72.5199,44.0552,NA,NA,NA,35,NA,Arctic Ocean,NA,ocean,NA,ocean,NA,planktonic material,particulate matter,NA,NA,NA,NA,NA,NA,NA,NA,epipelagic zone,NA,NA,91,35.79,NA,SRA,197,No
ERR2762119,ERX2775072,ERS1308664,288560,NA,Shotgun Sequencing of Tara Oceans Polar Circle DNA samples corresponding to size fractions for  small DNA viruses.,2018-08-30,ILLUMINA,58738291,11564538040,72.5199,44.0552,NA,NA,NA,35,NA,Arctic Ocean,NA,ocean,NA,ocean,NA,planktonic material,particulate matter,NA,NA,NA,NA,NA,NA,NA,NA,epipelagic zone,NA,NA,90,35.56,NA,SRA,197,No
ERR2762120,ERX2775073,ERS1308567,288560,NA,Shotgun Sequencing of Tara Oceans Polar Circle DNA samples corresponding to size fractions for  small DNA viruses.,2018-08-30,ILLUMINA,45199239,8904957045,72.5128,44.0775,NA,NA,NA,34.9,NA,Arctic Ocean,NA,ocean,NA,ocean,NA,planktonic material,particulate matter,NA,NA,NA,surface water,NA,NA,NA,NA,epipelagic zone,NA,NA,90,35.45,NA,SRA,197,No
ERR2762121,ERX2775074,ERS1308567,288560,NA,Shotgun Sequencing of Tara Oceans Polar Circle DNA samples corresponding to size fractions for  small DNA viruses.,2018-08-30,ILLUMINA,210493559,41651578314,72.5128,44.0775,NA,NA,NA,34.9,NA,Arctic Ocean,NA,ocean,NA,ocean,NA,planktonic material,particulate matter,NA,NA,NA,surface water,NA,NA,NA,NA,epipelagic zone,NA,NA,92,35.94,NA,SRA,198,No
ERR2762122,ERX2775075,ERS1308744,288560,NA,Shotgun Sequencing of Tara Oceans Polar Circle DNA samples corresponding to size fractions for  small DNA viruses.,2018-08-30,ILLUMINA,218605505,43346180781,78.9354,79.0604,NA,NA,NA,34.5,NA,Arctic Ocean,NA,ocean,NA,"ocean,sea",NA,planktonic material,particulate matter,NA,NA,NA,NA,NA,NA,NA,NA,epipelagic zone,NA,NA,93,36.18,NA,SRA,198,No
ERR2762123,ERX2775076,ERS1308744,288560,NA,Shotgun Sequencing of Tara Oceans Polar Circle DNA samples corresponding to size fractions for  small DNA viruses.,2018-08-30,ILLUMINA,45874987,9039523878,78.9354,79.0604,NA,NA,NA,34.5,NA,Arctic Ocean,NA,ocean,NA,"ocean,sea",NA,planktonic material,particulate matter,NA,NA,NA,NA,NA,NA,NA,NA,epipelagic zone,NA,NA,90,35.58,NA,SRA,197,No
ERR2762124,ERX2775077,ERS1308704,288560,NA,Shotgun Sequencing of Tara Oceans Polar Circle DNA samples corresponding to size fractions for  small DNA viruses.,2018-08-30,ILLUMINA,41310969,8150128156,78.9564,79.4201,NA,NA,NA,33.6,NA,Arctic Ocean,NA,ocean,NA,ocean,NA,planktonic material,particulate matter,NA,NA,NA,surface water,NA,NA,NA,NA,epipelagic zone,NA,NA,90,35.41,NA,SRA,197,No
ERR2762125,ERX2775078,ERS1308704,288560,NA,Shotgun Sequencing of Tara Oceans Polar Circle DNA samples corresponding to size fractions for  small DNA viruses.,2018-08-30,ILLUMINA,200085701,39770835201,78.9564,79.4201,NA,NA,NA,33.6,NA,Arctic Ocean,NA,ocean,NA,ocean,NA,planktonic material,particulate matter,NA,NA,NA,surface water,NA,NA,NA,NA,epipelagic zone,NA,NA,94,36.19,NA,SRA,199,No
ERR2762126,ERX2775079,ERS1308858,288560,NA,Shotgun Sequencing of Tara Oceans Polar Circle DNA samples corresponding to size fractions for  small DNA viruses.,2018-08-30,ILLUMINA,59100895,11574133774,79.3349,66.2954,NA,NA,NA,34.7,NA,Arctic Ocean,NA,ocean,NA,ocean,NA,planktonic material,particulate matter,NA,NA,NA,NA,NA,NA,NA,NA,epipelagic zone,NA,NA,91,35.73,NA,SRA,196,No
ERR2762127,ERX2775080,ERS1308858,288560,NA,Shotgun Sequencing of Tara Oceans Polar Circle DNA samples corresponding to size fractions for  small DNA viruses.,2018-08-30,ILLUMINA,199973251,39034368219,79.3349,66.2954,NA,NA,NA,34.7,NA,Arctic Ocean,NA,ocean,NA,ocean,NA,planktonic material,particulate matter,NA,NA,NA,NA,NA,NA,NA,NA,epipelagic zone,NA,NA,90,35.31,NA,SRA,195,No
ERR2762128,ERX2775081,ERS1308779,288560,NA,Shotgun Sequencing of Tara Oceans Polar Circle DNA samples corresponding to size fractions for  small DNA viruses.,2018-08-30,ILLUMINA,209892673,41553749961,79.2233,66.3435,NA,NA,NA,34.3,NA,Arctic Ocean,NA,ocean,NA,ocean,NA,planktonic material,particulate matter,NA,NA,NA,surface water,NA,NA,NA,NA,epipelagic zone,NA,NA,93,36,NA,SRA,198,No
ERR2762129,ERX2775082,ERS1308779,288560,NA,Shotgun Sequencing of Tara Oceans Polar Circle DNA samples corresponding to size fractions for  small DNA viruses.,2018-08-30,ILLUMINA,42724134,8365384356,79.2233,66.3435,NA,NA,NA,34.3,NA,Arctic Ocean,NA,ocean,NA,ocean,NA,planktonic material,particulate matter,NA,NA,NA,surface water,NA,NA,NA,NA,epipelagic zone,NA,NA,89,35.17,NA,SRA,196,No
ERR2762130,ERX2775083,ERS1308812,288560,NA,Shotgun Sequencing of Tara Oceans Polar Circle DNA samples corresponding to size fractions for  small DNA viruses.,2018-08-30,ILLUMINA,51539312,10194743350,79.2026,66.4827,NA,NA,NA,34.9,NA,Arctic Ocean,NA,ocean,NA,ocean,NA,planktonic material,particulate matter,NA,NA,NA,NA,NA,NA,NA,NA,mesopelagic zone,NA,NA,92,35.95,NA,SRA,198,No
ERR2762131,ERX2775084,ERS1308812,288560,NA,Shotgun Sequencing of Tara Oceans Polar Circle DNA samples corresponding to size fractions for  small DNA viruses.,2018-08-30,ILLUMINA,220704958,43651313908,79.2026,66.4827,NA,NA,NA,34.9,NA,Arctic Ocean,NA,ocean,NA,ocean,NA,planktonic material,particulate matter,NA,NA,NA,NA,NA,NA,NA,NA,mesopelagic zone,NA,NA,92,35.96,NA,SRA,198,No
ERR2762132,ERX2775085,ERS1308894,288560,NA,Shotgun Sequencing of Tara Oceans Polar Circle DNA samples corresponding to size fractions for  small DNA viruses.,2018-08-30,ILLUMINA,205092813,40319899993,77.1604,73.2057,NA,NA,NA,34,NA,Arctic Ocean,NA,ocean,NA,ocean,NA,planktonic material,particulate matter,NA,NA,NA,surface water,NA,NA,NA,NA,epipelagic zone,NA,NA,90,35.3,NA,SRA,197,No
ERR2762133,ERX2775086,ERS1308894,288560,NA,Shotgun Sequencing of Tara Oceans Polar Circle DNA samples corresponding to size fractions for  small DNA viruses.,2018-08-30,ILLUMINA,50283372,9843148647,77.1604,73.2057,NA,NA,NA,34,NA,Arctic Ocean,NA,ocean,NA,ocean,NA,planktonic material,particulate matter,NA,NA,NA,surface water,NA,NA,NA,NA,epipelagic zone,NA,NA,89,35.15,NA,SRA,196,No
ERR2762134,ERX2775087,ERS1308938,288560,NA,Shotgun Sequencing of Tara Oceans Polar Circle DNA samples corresponding to size fractions for  small DNA viruses.,2018-08-30,ILLUMINA,40395335,7949133743,74.8023,76.1478,NA,NA,NA,22,NA,Arctic Ocean,NA,ocean,NA,"ocean,sea",NA,planktonic material,particulate matter,NA,NA,NA,surface water,NA,NA,NA,NA,epipelagic zone,NA,NA,91,35.77,NA,SRA,197,No
ERR2762135,ERX2775088,ERS1308938,288560,NA,Shotgun Sequencing of Tara Oceans Polar Circle DNA samples corresponding to size fractions for  small DNA viruses.,2018-08-30,ILLUMINA,183709841,36288173037,74.8023,76.1478,NA,NA,NA,22,NA,Arctic Ocean,NA,ocean,NA,"ocean,sea",NA,planktonic material,particulate matter,NA,NA,NA,surface water,NA,NA,NA,NA,epipelagic zone,NA,NA,91,35.66,NA,SRA,198,No
ERR2762136,ERX2775089,ERS1308985,288560,NA,Shotgun Sequencing of Tara Oceans Polar Circle DNA samples corresponding to size fractions for  small DNA viruses.,2018-08-30,ILLUMINA,186661348,36871487637,74.8283,76.2096,NA,NA,NA,33.6,NA,Arctic Ocean,NA,ocean,NA,"ocean,sea",NA,planktonic material,particulate matter,NA,NA,NA,NA,NA,NA,NA,NA,epipelagic zone,NA,NA,91,35.68,NA,SRA,198,No
ERR2762137,ERX2775090,ERS1308985,288560,NA,Shotgun Sequencing of Tara Oceans Polar Circle DNA samples corresponding to size fractions for  small DNA viruses.,2018-08-30,ILLUMINA,44679576,8817783405,74.8283,76.2096,NA,NA,NA,33.6,NA,Arctic Ocean,NA,ocean,NA,"ocean,sea",NA,planktonic material,particulate matter,NA,NA,NA,NA,NA,NA,NA,NA,epipelagic zone,NA,NA,91,35.72,NA,SRA,197,No
ERR2762138,ERX2775091,ERS1309076,288560,NA,Shotgun Sequencing of Tara Oceans Polar Circle DNA samples corresponding to size fractions for  small DNA viruses.,2018-08-30,ILLUMINA,221878972,43706787155,78.3555,91.6084,NA,NA,NA,33.5,NA,Arctic Ocean,NA,ocean,NA,"ocean,sea",NA,planktonic material,particulate matter,NA,NA,NA,NA,NA,NA,NA,NA,epipelagic zone,NA,NA,89,35.36,NA,SRA,197,No
ERR2762139,ERX2775092,ERS1309076,288560,NA,Shotgun Sequencing of Tara Oceans Polar Circle DNA samples corresponding to size fractions for  small DNA viruses.,2018-08-30,ILLUMINA,61997363,12232919393,78.3555,91.6084,NA,NA,NA,33.5,NA,Arctic Ocean,NA,ocean,NA,"ocean,sea",NA,planktonic material,particulate matter,NA,NA,NA,NA,NA,NA,NA,NA,epipelagic zone,NA,NA,90,35.63,NA,SRA,197,No
ERR2762140,ERX2775093,ERS1309035,288560,NA,Shotgun Sequencing of Tara Oceans Polar Circle DNA samples corresponding to size fractions for  small DNA viruses.,2018-08-30,ILLUMINA,38435718,7571701544,78.2518,91.8557,NA,NA,NA,32.9,NA,Arctic Ocean,NA,ocean,NA,"ocean,sea",NA,planktonic material,particulate matter,NA,NA,NA,surface water,NA,NA,NA,NA,epipelagic zone,NA,NA,90,35.4,NA,SRA,197,No
ERR2762141,ERX2775094,ERS1309035,288560,NA,Shotgun Sequencing of Tara Oceans Polar Circle DNA samples corresponding to size fractions for  small DNA viruses.,2018-08-30,ILLUMINA,185728144,35356723210,78.2518,91.8557,NA,NA,NA,32.9,NA,Arctic Ocean,NA,ocean,NA,"ocean,sea",NA,planktonic material,particulate matter,NA,NA,NA,surface water,NA,NA,NA,NA,epipelagic zone,NA,NA,91,35.83,NA,SRA,190,No
ERR2762142,ERX2775095,ERS1309171,288560,NA,Shotgun Sequencing of Tara Oceans Polar Circle DNA samples corresponding to size fractions for  small DNA viruses.,2018-08-30,ILLUMINA,45499235,9015273139,77.9668,116.6556,NA,NA,NA,32.7,NA,Arctic Ocean,NA,ocean,NA,ocean,NA,planktonic material,particulate matter,NA,NA,NA,NA,NA,NA,NA,NA,epipelagic zone,NA,NA,93,36.35,NA,SRA,198,No
ERR2762143,ERX2775096,ERS1309171,288560,NA,Shotgun Sequencing of Tara Oceans Polar Circle DNA samples corresponding to size fractions for  small DNA viruses.,2018-08-30,ILLUMINA,200783716,39703121989,77.9668,116.6556,NA,NA,NA,32.7,NA,Arctic Ocean,NA,ocean,NA,ocean,NA,planktonic material,particulate matter,NA,NA,NA,NA,NA,NA,NA,NA,epipelagic zone,NA,NA,91,35.82,NA,SRA,198,No
ERR2762144,ERX2775097,ERS1309196,288560,NA,Shotgun Sequencing of Tara Oceans Polar Circle DNA samples corresponding to size fractions for  small DNA viruses.,2018-08-30,ILLUMINA,46132103,9129023644,78.0391,116.4105,NA,NA,NA,34.9,NA,Arctic Ocean,NA,ocean,NA,ocean,NA,planktonic material,particulate matter,NA,NA,NA,NA,NA,NA,NA,NA,mesopelagic zone,NA,NA,92,35.92,NA,SRA,198,No
ERR2762145,ERX2775098,ERS1309196,288560,NA,Shotgun Sequencing of Tara Oceans Polar Circle DNA samples corresponding to size fractions for  small DNA viruses.,2018-08-30,ILLUMINA,196779796,38921903948,78.0391,116.4105,NA,NA,NA,34.9,NA,Arctic Ocean,NA,ocean,NA,ocean,NA,planktonic material,particulate matter,NA,NA,NA,NA,NA,NA,NA,NA,mesopelagic zone,NA,NA,91,35.85,NA,SRA,198,No
ERR2762146,ERX2775099,ERS1309115,288560,NA,Shotgun Sequencing of Tara Oceans Polar Circle DNA samples corresponding to size fractions for  small DNA viruses.,2018-08-30,ILLUMINA,38123357,7532110989,77.9028,117.1545,NA,NA,NA,28.6,NA,Arctic Ocean,NA,ocean,NA,ocean,NA,planktonic material,particulate matter,NA,NA,NA,surface water,NA,NA,NA,NA,epipelagic zone,NA,NA,92,36.17,NA,SRA,198,No
ERR2762147,ERX2775100,ERS1309115,288560,NA,Shotgun Sequencing of Tara Oceans Polar Circle DNA samples corresponding to size fractions for  small DNA viruses.,2018-08-30,ILLUMINA,190701168,37711647621,77.9028,117.1545,NA,NA,NA,28.6,NA,Arctic Ocean,NA,ocean,NA,ocean,NA,planktonic material,particulate matter,NA,NA,NA,surface water,NA,NA,NA,NA,epipelagic zone,NA,NA,91,35.92,NA,SRA,198,No
ERR2762148,ERX2775101,ERS1309221,288560,NA,Shotgun Sequencing of Tara Oceans Polar Circle DNA samples corresponding to size fractions for  small DNA viruses.,2018-08-30,ILLUMINA,172978910,34377344224,71.5955,160.9383,NA,NA,NA,28.4,NA,Arctic Ocean,NA,ocean,NA,ocean,NA,planktonic material,particulate matter,NA,NA,NA,surface water,NA,NA,NA,NA,epipelagic zone,NA,NA,93,36.47,NA,SRA,199,No
ERR2762149,ERX2775102,ERS1309221,288560,NA,Shotgun Sequencing of Tara Oceans Polar Circle DNA samples corresponding to size fractions for  small DNA viruses.,2018-08-30,ILLUMINA,44728990,8886592306,71.5955,160.9383,NA,NA,NA,28.4,NA,Arctic Ocean,NA,ocean,NA,ocean,NA,planktonic material,particulate matter,NA,NA,NA,surface water,NA,NA,NA,NA,epipelagic zone,NA,NA,94,36.58,NA,SRA,199,No
ERR2762150,ERX2775103,ERS1309264,288560,NA,Shotgun Sequencing of Tara Oceans Polar Circle DNA samples corresponding to size fractions for  small DNA viruses.,2018-08-30,ILLUMINA,55080853,10916172639,71.0704,174.9916,NA,NA,NA,NA,NA,Arctic Ocean,NA,ocean,NA,"ocean,sea",NA,planktonic material,particulate matter,NA,NA,NA,surface water,NA,NA,NA,NA,epipelagic zone,NA,NA,92,35.95,NA,SRA,198,No
ERR2762151,ERX2775104,ERS1309264,288560,NA,Shotgun Sequencing of Tara Oceans Polar Circle DNA samples corresponding to size fractions for  small DNA viruses.,2018-08-30,ILLUMINA,185288880,36699832686,71.0704,174.9916,NA,NA,NA,NA,NA,Arctic Ocean,NA,ocean,NA,"ocean,sea",NA,planktonic material,particulate matter,NA,NA,NA,surface water,NA,NA,NA,NA,epipelagic zone,NA,NA,92,36.14,NA,SRA,198,No
ERR2762152,ERX2775105,ERS1309264,288560,NA,Shotgun Sequencing of Tara Oceans Polar Circle DNA samples corresponding to size fractions for  small DNA viruses.,2018-08-30,ILLUMINA,44849522,8895366035,71.0704,174.9916,NA,NA,NA,NA,NA,Arctic Ocean,NA,ocean,NA,"ocean,sea",NA,planktonic material,particulate matter,NA,NA,NA,surface water,NA,NA,NA,NA,epipelagic zone,NA,NA,92,36.13,NA,SRA,198,No
ERR2762153,ERX2775106,ERS1309369,288560,NA,Shotgun Sequencing of Tara Oceans Polar Circle DNA samples corresponding to size fractions for  small DNA viruses.,2018-08-30,ILLUMINA,175306237,34643600492,73.3275,-168.8142,NA,NA,NA,31.6,NA,Arctic Ocean,NA,ocean,NA,ocean,NA,planktonic material,particulate matter,NA,NA,NA,NA,NA,NA,NA,NA,epipelagic zone,NA,NA,92,35.96,NA,SRA,198,No
ERR2762154,ERX2775107,ERS1309369,288560,NA,Shotgun Sequencing of Tara Oceans Polar Circle DNA samples corresponding to size fractions for  small DNA viruses.,2018-08-30,ILLUMINA,39941407,7891322023,73.3275,-168.8142,NA,NA,NA,31.6,NA,Arctic Ocean,NA,ocean,NA,ocean,NA,planktonic material,particulate matter,NA,NA,NA,NA,NA,NA,NA,NA,epipelagic zone,NA,NA,91,35.87,NA,SRA,198,No
ERR2762155,ERX2775108,ERS1309308,288560,NA,Shotgun Sequencing of Tara Oceans Polar Circle DNA samples corresponding to size fractions for  small DNA viruses.,2018-08-30,ILLUMINA,184580537,36548152099,73.3833,-168.1333,NA,NA,NA,27.4,NA,Arctic Ocean,NA,ocean,NA,ocean,NA,planktonic material,particulate matter,NA,NA,NA,surface water,NA,NA,NA,NA,epipelagic zone,NA,NA,92,36.07,NA,SRA,198,No
ERR2762156,ERX2775109,ERS1309308,288560,NA,Shotgun Sequencing of Tara Oceans Polar Circle DNA samples corresponding to size fractions for  small DNA viruses.,2018-08-30,ILLUMINA,45107129,8912651929,73.3833,-168.1333,NA,NA,NA,27.4,NA,Arctic Ocean,NA,ocean,NA,ocean,NA,planktonic material,particulate matter,NA,NA,NA,surface water,NA,NA,NA,NA,epipelagic zone,NA,NA,91,35.97,NA,SRA,198,No
ERR2762157,ERX2775110,ERS1309397,288560,NA,Shotgun Sequencing of Tara Oceans Polar Circle DNA samples corresponding to size fractions for  small DNA viruses.,2018-08-30,ILLUMINA,45015960,8899131909,71.8895,-154.9101,NA,NA,NA,28.6,NA,Arctic Ocean,NA,ocean,NA,ocean,NA,planktonic material,particulate matter,NA,NA,NA,surface water,NA,NA,NA,NA,epipelagic zone,NA,NA,91,36,NA,SRA,198,No
ERR2762158,ERX2775111,ERS1309397,288560,NA,Shotgun Sequencing of Tara Oceans Polar Circle DNA samples corresponding to size fractions for  small DNA viruses.,2018-08-30,ILLUMINA,189147513,37489466231,71.8895,-154.9101,NA,NA,NA,28.6,NA,Arctic Ocean,NA,ocean,NA,ocean,NA,planktonic material,particulate matter,NA,NA,NA,surface water,NA,NA,NA,NA,epipelagic zone,NA,NA,92,36.18,NA,SRA,198,No
ERR2762159,ERX2775112,ERS1309532,288560,NA,Shotgun Sequencing of Tara Oceans Polar Circle DNA samples corresponding to size fractions for  small DNA viruses.,2018-08-30,ILLUMINA,67111876,13290632128,74.3386,-85.6208,NA,NA,NA,31.9,NA,Arctic Ocean,NA,ocean,NA,ocean,NA,planktonic material,particulate matter,NA,NA,NA,NA,NA,NA,NA,NA,epipelagic zone,NA,NA,92,35.97,NA,SRA,198,No
ERR2762160,ERX2775113,ERS1309532,288560,NA,Shotgun Sequencing of Tara Oceans Polar Circle DNA samples corresponding to size fractions for  small DNA viruses.,2018-08-30,ILLUMINA,59961113,11915433450,74.3386,-85.6208,NA,NA,NA,31.9,NA,Arctic Ocean,NA,ocean,NA,ocean,NA,planktonic material,particulate matter,NA,NA,NA,NA,NA,NA,NA,NA,epipelagic zone,NA,NA,93,36.24,NA,SRA,199,No
ERR2762161,ERX2775114,ERS1309532,288560,NA,Shotgun Sequencing of Tara Oceans Polar Circle DNA samples corresponding to size fractions for  small DNA viruses.,2018-08-30,ILLUMINA,211937809,41818301114,74.3386,-85.6208,NA,NA,NA,31.9,NA,Arctic Ocean,NA,ocean,NA,ocean,NA,planktonic material,particulate matter,NA,NA,NA,NA,NA,NA,NA,NA,epipelagic zone,NA,NA,90,35.66,NA,SRA,197,No
ERR2762162,ERX2775115,ERS1309450,288560,NA,Shotgun Sequencing of Tara Oceans Polar Circle DNA samples corresponding to size fractions for  small DNA viruses.,2018-08-30,ILLUMINA,46948902,9215415850,74.305,-85.6552,NA,NA,NA,34.3,NA,Arctic Ocean,NA,ocean,NA,ocean,NA,planktonic material,particulate matter,NA,NA,NA,NA,NA,NA,NA,NA,mesopelagic zone,NA,NA,90,35.45,NA,SRA,196,No
ERR2762163,ERX2775116,ERS1309450,288560,NA,Shotgun Sequencing of Tara Oceans Polar Circle DNA samples corresponding to size fractions for  small DNA viruses.,2018-08-30,ILLUMINA,193862715,38199917503,74.305,-85.6552,NA,NA,NA,34.3,NA,Arctic Ocean,NA,ocean,NA,ocean,NA,planktonic material,particulate matter,NA,NA,NA,NA,NA,NA,NA,NA,mesopelagic zone,NA,NA,91,35.58,NA,SRA,197,No
ERR2762164,ERX2775117,ERS1309476,288560,NA,Shotgun Sequencing of Tara Oceans Polar Circle DNA samples corresponding to size fractions for  small DNA viruses.,2018-08-30,ILLUMINA,52129117,10331309527,74.2987,-85.7806,NA,NA,NA,30.6,NA,Arctic Ocean,NA,ocean,NA,ocean,NA,planktonic material,particulate matter,NA,NA,NA,surface water,NA,NA,NA,NA,epipelagic zone,NA,NA,91,35.76,NA,SRA,198,No
ERR2762165,ERX2775118,ERS1309476,288560,NA,Shotgun Sequencing of Tara Oceans Polar Circle DNA samples corresponding to size fractions for  small DNA viruses.,2018-08-30,ILLUMINA,192717882,38349840964,74.2987,-85.7806,NA,NA,NA,30.6,NA,Arctic Ocean,NA,ocean,NA,ocean,NA,planktonic material,particulate matter,NA,NA,NA,surface water,NA,NA,NA,NA,epipelagic zone,NA,NA,94,36.79,NA,SRA,199,No
ERR2762166,ERX2775119,ERS1309476,288560,NA,Shotgun Sequencing of Tara Oceans Polar Circle DNA samples corresponding to size fractions for  small DNA viruses.,2018-08-30,ILLUMINA,46557106,9213668830,74.2987,-85.7806,NA,NA,NA,30.6,NA,Arctic Ocean,NA,ocean,NA,ocean,NA,planktonic material,particulate matter,NA,NA,NA,surface water,NA,NA,NA,NA,epipelagic zone,NA,NA,92,36.04,NA,SRA,198,No
ERR2762167,ERX2775120,ERS1309617,288560,NA,Shotgun Sequencing of Tara Oceans Polar Circle DNA samples corresponding to size fractions for  small DNA viruses.,2018-08-30,ILLUMINA,189859313,37769212947,72.4456,-71.8814,NA,NA,NA,34.4,NA,Atlantic Ocean,NA,ocean,NA,ocean,NA,planktonic material,particulate matter,NA,NA,NA,NA,NA,NA,NA,NA,mesopelagic zone,NA,NA,94,36.75,NA,SRA,199,No
ERR2762168,ERX2775121,ERS1309617,288560,NA,Shotgun Sequencing of Tara Oceans Polar Circle DNA samples corresponding to size fractions for  small DNA viruses.,2018-08-30,ILLUMINA,44004518,8735361459,72.4456,-71.8814,NA,NA,NA,34.4,NA,Atlantic Ocean,NA,ocean,NA,ocean,NA,planktonic material,particulate matter,NA,NA,NA,NA,NA,NA,NA,NA,mesopelagic zone,NA,NA,93,36.21,NA,SRA,199,No
ERR2762169,ERX2775122,ERS1309560,288560,NA,Shotgun Sequencing of Tara Oceans Polar Circle DNA samples corresponding to size fractions for  small DNA viruses.,2018-08-30,ILLUMINA,188773715,37578339090,72.4693,-71.892,NA,NA,NA,32,NA,Atlantic Ocean,NA,ocean,NA,ocean,NA,planktonic material,particulate matter,NA,NA,NA,surface water,NA,NA,NA,NA,epipelagic zone,NA,NA,95,36.74,NA,SRA,199,No
ERR2762170,ERX2775123,ERS1309560,288560,NA,Shotgun Sequencing of Tara Oceans Polar Circle DNA samples corresponding to size fractions for  small DNA viruses.,2018-08-30,ILLUMINA,43362260,8600937916,72.4693,-71.892,NA,NA,NA,32,NA,Atlantic Ocean,NA,ocean,NA,ocean,NA,planktonic material,particulate matter,NA,NA,NA,surface water,NA,NA,NA,NA,epipelagic zone,NA,NA,92,36.1,NA,SRA,198,No
ERR2762171,ERX2775124,ERS1309687,288560,NA,Shotgun Sequencing of Tara Oceans Polar Circle DNA samples corresponding to size fractions for  small DNA viruses.,2018-08-30,ILLUMINA,196513683,39035211679,70.9433,-53.5127,NA,NA,NA,34.5,NA,Atlantic Ocean,NA,ocean,NA,ocean,NA,planktonic material,particulate matter,NA,NA,NA,NA,NA,NA,NA,NA,mesopelagic zone,NA,NA,94,36.5,NA,SRA,199,No
ERR2762172,ERX2775125,ERS1309687,288560,NA,Shotgun Sequencing of Tara Oceans Polar Circle DNA samples corresponding to size fractions for  small DNA viruses.,2018-08-30,ILLUMINA,43466159,8597054981,70.9433,-53.5127,NA,NA,NA,34.5,NA,Atlantic Ocean,NA,ocean,NA,ocean,NA,planktonic material,particulate matter,NA,NA,NA,NA,NA,NA,NA,NA,mesopelagic zone,NA,NA,92,35.93,NA,SRA,198,No
ERR2762173,ERX2775126,ERS1309642,288560,NA,Shotgun Sequencing of Tara Oceans Polar Circle DNA samples corresponding to size fractions for  small DNA viruses.,2018-08-30,ILLUMINA,62455872,12418702685,70.9574,-53.5989,NA,NA,NA,32.1,NA,Atlantic Ocean,NA,ocean,NA,ocean,NA,planktonic material,particulate matter,NA,NA,NA,surface water,NA,NA,NA,NA,epipelagic zone,NA,NA,93,36.44,NA,SRA,199,No
ERR2762174,ERX2775127,ERS1309642,288560,NA,Shotgun Sequencing of Tara Oceans Polar Circle DNA samples corresponding to size fractions for  small DNA viruses.,2018-08-30,ILLUMINA,201545147,40164975968,70.9574,-53.5989,NA,NA,NA,32.1,NA,Atlantic Ocean,NA,ocean,NA,ocean,NA,planktonic material,particulate matter,NA,NA,NA,surface water,NA,NA,NA,NA,epipelagic zone,NA,NA,95,36.88,NA,SRA,199,No
ERR2762175,ERX2775128,ERS1309642,288560,NA,Shotgun Sequencing of Tara Oceans Polar Circle DNA samples corresponding to size fractions for  small DNA viruses.,2018-08-30,ILLUMINA,48396120,9637029298,70.9574,-53.5989,NA,NA,NA,32.1,NA,Atlantic Ocean,NA,ocean,NA,ocean,NA,planktonic material,particulate matter,NA,NA,NA,surface water,NA,NA,NA,NA,epipelagic zone,NA,NA,93,36.48,NA,SRA,199,No
ERR2762176,ERX2775129,ERS1309715,288560,NA,Shotgun Sequencing of Tara Oceans Polar Circle DNA samples corresponding to size fractions for  small DNA viruses.,2018-08-30,ILLUMINA,64693685,12888924916,69.1136,-51.5086,NA,NA,NA,33,NA,Atlantic Ocean,NA,ocean,NA,ocean,NA,planktonic material,particulate matter,NA,NA,NA,surface water,NA,NA,NA,NA,epipelagic zone,NA,NA,94,36.5,NA,SRA,199,No
ERR2762177,ERX2775130,ERS1309715,288560,NA,Shotgun Sequencing of Tara Oceans Polar Circle DNA samples corresponding to size fractions for  small DNA viruses.,2018-08-30,ILLUMINA,227640265,45216370184,69.1136,-51.5086,NA,NA,NA,33,NA,Atlantic Ocean,NA,ocean,NA,ocean,NA,planktonic material,particulate matter,NA,NA,NA,surface water,NA,NA,NA,NA,epipelagic zone,NA,NA,93,36.44,NA,SRA,199,No
ERR2762178,ERX2775131,ERS1309809,288560,NA,Shotgun Sequencing of Tara Oceans Polar Circle DNA samples corresponding to size fractions for  small DNA viruses.,2018-08-30,ILLUMINA,58011641,11451647408,64.7,-52.996,NA,NA,NA,34.6,NA,Atlantic Ocean,NA,ocean,NA,ocean,NA,planktonic material,particulate matter,NA,NA,NA,NA,NA,NA,NA,NA,mesopelagic zone,NA,NA,91,35.62,NA,SRA,197,No
ERR2762179,ERX2775132,ERS1309809,288560,NA,Shotgun Sequencing of Tara Oceans Polar Circle DNA samples corresponding to size fractions for  small DNA viruses.,2018-08-30,ILLUMINA,226274899,44657535138,64.7,-52.996,NA,NA,NA,34.6,NA,Atlantic Ocean,NA,ocean,NA,ocean,NA,planktonic material,particulate matter,NA,NA,NA,NA,NA,NA,NA,NA,mesopelagic zone,NA,NA,92,35.81,NA,SRA,197,No
ERR2762180,ERX2775133,ERS1309764,288560,NA,Shotgun Sequencing of Tara Oceans Polar Circle DNA samples corresponding to size fractions for  small DNA viruses.,2018-08-30,ILLUMINA,40897995,8045943837,64.7127,-53.0106,NA,NA,NA,32.6,NA,Atlantic Ocean,NA,ocean,NA,ocean,NA,planktonic material,particulate matter,NA,NA,NA,surface water,NA,NA,NA,NA,epipelagic zone,NA,NA,90,35.42,NA,SRA,197,No
ERR2762181,ERX2775134,ERS1309764,288560,NA,Shotgun Sequencing of Tara Oceans Polar Circle DNA samples corresponding to size fractions for  small DNA viruses.,2018-08-30,ILLUMINA,62290830,12348890687,64.7127,-53.0106,NA,NA,NA,32.6,NA,Atlantic Ocean,NA,ocean,NA,ocean,NA,planktonic material,particulate matter,NA,NA,NA,surface water,NA,NA,NA,NA,epipelagic zone,NA,NA,92,36.02,NA,SRA,198,No
ERR2762182,ERX2775135,ERS1309764,288560,NA,Shotgun Sequencing of Tara Oceans Polar Circle DNA samples corresponding to size fractions for  small DNA viruses.,2018-08-30,ILLUMINA,231867904,45846076796,64.7127,-53.0106,NA,NA,NA,32.6,NA,Atlantic Ocean,NA,ocean,NA,ocean,NA,planktonic material,particulate matter,NA,NA,NA,surface water,NA,NA,NA,NA,epipelagic zone,NA,NA,92,36.1,NA,SRA,198,No
ERR2762183,ERX2775136,ERS1309881,288560,NA,Shotgun Sequencing of Tara Oceans Polar Circle DNA samples corresponding to size fractions for  small DNA viruses.,2018-08-30,ILLUMINA,47994222,9484444902,61.5754,-55.9846,NA,NA,NA,34.9,NA,Atlantic Ocean,NA,ocean,NA,ocean,NA,planktonic material,particulate matter,NA,NA,NA,NA,NA,NA,NA,NA,mesopelagic zone,NA,NA,91,35.7,NA,SRA,198,No
ERR2762184,ERX2775137,ERS1309881,288560,NA,Shotgun Sequencing of Tara Oceans Polar Circle DNA samples corresponding to size fractions for  small DNA viruses.,2018-08-30,ILLUMINA,61752162,12146675184,61.5754,-55.9846,NA,NA,NA,34.9,NA,Atlantic Ocean,NA,ocean,NA,ocean,NA,planktonic material,particulate matter,NA,NA,NA,NA,NA,NA,NA,NA,mesopelagic zone,NA,NA,89,35.04,NA,SRA,197,No
ERR2762185,ERX2775138,ERS1309881,288560,NA,Shotgun Sequencing of Tara Oceans Polar Circle DNA samples corresponding to size fractions for  small DNA viruses.,2018-08-30,ILLUMINA,239291809,47200221774,61.5754,-55.9846,NA,NA,NA,34.9,NA,Atlantic Ocean,NA,ocean,NA,ocean,NA,planktonic material,particulate matter,NA,NA,NA,NA,NA,NA,NA,NA,mesopelagic zone,NA,NA,91,35.48,NA,SRA,197,No
ERR2762186,ERX2775139,ERS1309836,288560,NA,Shotgun Sequencing of Tara Oceans Polar Circle DNA samples corresponding to size fractions for  small DNA viruses.,2018-08-30,ILLUMINA,54427867,10759003504,61.5427,-55.9869,NA,NA,NA,34.2,NA,Atlantic Ocean,NA,ocean,NA,ocean,NA,planktonic material,particulate matter,NA,NA,NA,surface water,NA,NA,NA,NA,epipelagic zone,NA,NA,90,35.63,NA,SRA,198,No
ERR2762187,ERX2775140,ERS1309836,288560,NA,Shotgun Sequencing of Tara Oceans Polar Circle DNA samples corresponding to size fractions for  small DNA viruses.,2018-08-30,ILLUMINA,56025573,11099030370,61.5427,-55.9869,NA,NA,NA,34.2,NA,Atlantic Ocean,NA,ocean,NA,ocean,NA,planktonic material,particulate matter,NA,NA,NA,surface water,NA,NA,NA,NA,epipelagic zone,NA,NA,91,35.75,NA,SRA,198,No
ERR2762188,ERX2775141,ERS1309836,288560,NA,Shotgun Sequencing of Tara Oceans Polar Circle DNA samples corresponding to size fractions for  small DNA viruses.,2018-08-30,ILLUMINA,231460185,45885941543,61.5427,-55.9869,NA,NA,NA,34.2,NA,Atlantic Ocean,NA,ocean,NA,ocean,NA,planktonic material,particulate matter,NA,NA,NA,surface water,NA,NA,NA,NA,epipelagic zone,NA,NA,92,36.15,NA,SRA,198,No
ERR770970,ERX714364,ERS667580,276999,NA,Ocean Sampling Day (OSD) 2014: AUTHORITY-RAW amplicon and metagenome sequencing study from the June solstice in the year 2014,2015-03-04,ILLUMINA,1102976,425469668,74.31,-20.3043,2,NA,NA,32,NA,Atlantic Ocean,NA,ocean,NA,"ocean,sea,sound",NA,NA,NA,NA,NA,NA,NA,sea ice,NA,NA,NA,NA,NA,NA,88,34.82,NA,SRA,386,No
ERR770971,ERX714363,ERS667582,276999,NA,Ocean Sampling Day (OSD) 2014: AUTHORITY-RAW amplicon and metagenome sequencing study from the June solstice in the year 2014,2015-03-04,ILLUMINA,1442142,499941288,74.31,-20.3043,0,NA,NA,5,NA,Atlantic Ocean,NA,ocean,NA,"ocean,sea,sound",NA,NA,NA,NA,NA,NA,NA,sea ice,NA,NA,NA,NA,NA,NA,86,34.23,NA,SRA,347,No
ERR771067,ERX714294,ERS667520,276999,NA,Ocean Sampling Day (OSD) 2014: AUTHORITY-RAW amplicon and metagenome sequencing study from the June solstice in the year 2014,2015-03-04,ILLUMINA,1547784,586882688,78.4533,-2.8297,5,NA,NA,33.8,NA,Atlantic Ocean,NA,ocean,NA,"ocean,sea",NA,NA,NA,NA,NA,NA,NA,NA,NA,NA,NA,NA,NA,NA,86,34.35,NA,SRA,379,No
ERR771100,ERX714306,ERS667561,276999,NA,Ocean Sampling Day (OSD) 2014: AUTHORITY-RAW amplicon and metagenome sequencing study from the June solstice in the year 2014,2015-03-04,ILLUMINA,1440765,433733032,69.0233,-105.3434,4.12,NA,NA,26.9,NA,Arctic Ocean,NA,ocean,NA,"bay,ocean,sea",NA,NA,NA,NA,NA,NA,NA,sea ice,NA,NA,NA,NA,NA,NA,93,36.16,NA,SRA,301,No
SRR1555743,SRX684858,SRS687932,259156,25945739,Metagenome of marine sediment near Loki's castle,2015-04-30,ILLUMINA,15340568,4602170400,73.7632,8.464,0.74,7.66,-0.1,NA,NA,Atlantic Ocean,NA,ocean,soil,"ocean,sea",NA,NA,NA,NA,"marine sediment,sediment",NA,NA,NA,NA,NA,NA,"deep sea,hydrothermal vent",NA,NA,94,35.24,NA,SRA,300,No
SRR1555744,SRX684853,SRS687928,259156,25945739,Metagenome of marine sediment near Loki's castle,2017-02-07,ILLUMINA,188084190,56425257000,73.7632,8.464,0.75,7.66,-0.1,NA,NA,Atlantic Ocean,NA,ocean,soil,"ocean,sea",NA,NA,NA,NA,"marine sediment,sediment",NA,NA,NA,NA,NA,NA,"deep sea,hydrothermal vent",NA,NA,92,34.95,NA,SRA,300,No
SRR1555748,SRX684858,SRS687932,259156,25945739,Metagenome of marine sediment near Loki's castle,2015-04-30,ILLUMINA,13619622,4085886600,73.7632,8.464,0.74,7.66,-0.1,NA,NA,Atlantic Ocean,NA,ocean,soil,"ocean,sea",NA,NA,NA,NA,"marine sediment,sediment",NA,NA,NA,NA,NA,NA,"deep sea,hydrothermal vent",NA,NA,95,35.86,NA,SRA,300,No
SRR1555750,SRX684860,SRS687934,259156,25945739,Metagenome of marine sediment near Loki's castle,2015-04-30,ILLUMINA,1532941,225991863,73.7632,8.464,0.73,7.66,-0.1,NA,NA,Atlantic Ocean,NA,ocean,NA,"ocean,sea",NA,NA,NA,NA,"marine sediment,sediment",NA,NA,NA,NA,NA,NA,"deep sea,hydrothermal vent",NA,NA,98,37.48,NA,SRA,147,No
SRR1653639,SRX760440,SRS745051,266758,26147346,Loki's Castle Metagenome,2014-11-18,LS454,39444,17950195,73.3,8,2357,NA,NA,NA,NA,Atlantic Ocean,2009-08-04,"marine hydrothermal vent,ocean",NA,"ocean,sea",NA,microbial mat material,NA,NA,NA,NA,NA,NA,NA,NA,NA,"hydrothermal vent,marine hydrothermal vent chimney",mid-ocean ridge,NA,59,29.9,NA,SRA,455,No
SRR1705987,SRX806240,SRS788026,266338,NA,Seawater and sea ice Metagenome,2015-07-08,ION_TORRENT,197338,16001880,75.364,-92.966,0,NA,NA,NA,NA,Arctic Ocean,2011-05-09,ocean,NA,"ocean,sea",NA,petroleum,emulsion,NA,NA,NA,surface water,sea ice,NA,NA,NA,NA,NA,NA,20,21.23,NA,SRA,81,Not inferred
SRR1705988,SRX806241,SRS788027,266338,NA,Seawater and sea ice Metagenome,2015-07-08,ION_TORRENT,90336,7494581,75.101,-92.643,0,NA,NA,NA,NA,Arctic Ocean,2011-05-09,ocean,NA,"ocean,sea",NA,petroleum,emulsion,NA,NA,NA,surface water,sea ice,NA,NA,NA,NA,NA,NA,20,21.39,NA,SRA,83,Not inferred
SRR1705989,SRX806242,SRS788030,266338,NA,Seawater and sea ice Metagenome,2015-07-08,ION_TORRENT,468252,44460897,75.069,-97.087,0,NA,NA,NA,NA,Arctic Ocean,2011-05-12,ocean,NA,"ocean,sea",NA,petroleum,emulsion,NA,NA,NA,surface water,sea ice,NA,NA,NA,NA,NA,NA,21,21.35,NA,SRA,95,Not inferred
SRR1705990,SRX806243,SRS788031,266338,NA,Seawater and sea ice Metagenome,2015-07-08,ION_TORRENT,345976,34075117,75.93,-97.25,0,NA,NA,NA,NA,Arctic Ocean,2011-05-15,ocean,NA,"ocean,sea",NA,petroleum,emulsion,NA,NA,NA,surface water,sea ice,NA,NA,NA,NA,NA,NA,22,21.66,NA,SRA,98,Not inferred
SRR1705991,SRX806244,SRS788032,266338,NA,Seawater and sea ice Metagenome,2015-07-08,ION_TORRENT,509458,52340606,75.426,-93.712,0,NA,NA,NA,NA,Arctic Ocean,2011-05-17,ocean,NA,"ocean,sea",NA,petroleum,emulsion,NA,NA,NA,surface water,sea ice,NA,NA,NA,NA,NA,NA,22,21.76,NA,SRA,103,Not inferred
SRR1705992,SRX806245,SRS788035,266338,NA,Seawater and sea ice Metagenome,2015-07-08,ION_TORRENT,528489,54823757,75.529,-93.147,0,NA,NA,NA,NA,Arctic Ocean,2011-05-17,ocean,NA,"ocean,sea",NA,petroleum,emulsion,NA,NA,NA,surface water,sea ice,NA,NA,NA,NA,NA,NA,23,21.73,NA,SRA,104,Not inferred
SRR1705993,SRX806246,SRS787995,266338,NA,Seawater and sea ice Metagenome,2015-07-08,ION_TORRENT,205417,27755367,74.723,-95.116,0,NA,NA,NA,NA,Arctic Ocean,2011-05-06,ocean,NA,"ocean,sea",NA,petroleum,emulsion,NA,NA,NA,surface water,"sea ice,sea water",NA,NA,NA,NA,NA,NA,25,22.51,NA,SRA,135,Not inferred
SRR1705994,SRX806247,SRS787994,266338,NA,Seawater and sea ice Metagenome,2015-07-08,ION_TORRENT,451503,76589003,74.843,-101.095,0,NA,NA,NA,NA,Arctic Ocean,2011-05-07,ocean,NA,"ocean,sea",NA,petroleum,emulsion,NA,NA,NA,surface water,"sea ice,sea water",NA,NA,NA,NA,NA,NA,34,24.03,NA,SRA,170,Not inferred
SRR1705995,SRX806248,SRS787996,266338,NA,Seawater and sea ice Metagenome,2015-07-08,ION_TORRENT,443899,62341040,74.125,-101.343,0,NA,NA,NA,NA,Arctic Ocean,2011-05-07,ocean,NA,"ocean,sea",NA,petroleum,emulsion,NA,NA,NA,surface water,"sea ice,sea water",NA,NA,NA,NA,NA,NA,29,23.25,NA,SRA,140,Not inferred
SRR1705996,SRX806249,SRS787997,266338,NA,Seawater and sea ice Metagenome,2015-07-08,ION_TORRENT,415601,71261040,74.101,-100.159,0,NA,NA,NA,NA,Arctic Ocean,2011-05-08,ocean,NA,"ocean,sea",NA,petroleum,emulsion,NA,NA,NA,surface water,"sea ice,sea water",NA,NA,NA,NA,NA,NA,35,24.33,NA,SRA,171,Not inferred
SRR1705997,SRX806250,SRS788002,266338,NA,Seawater and sea ice Metagenome,2015-07-08,ION_TORRENT,450204,70331333,75.369,-93.157,0,NA,NA,NA,NA,Arctic Ocean,2011-05-09,ocean,NA,"ocean,sea",NA,petroleum,emulsion,NA,NA,NA,surface water,"sea ice,sea water",NA,NA,NA,NA,NA,NA,35,24.3,NA,SRA,156,Not inferred
SRR1705998,SRX806251,SRS788004,266338,NA,Seawater and sea ice Metagenome,2015-07-08,ION_TORRENT,466848,78058447,75.2,-92.95,0,NA,NA,NA,NA,Arctic Ocean,2011-05-09,ocean,NA,"ocean,sea",NA,petroleum,emulsion,NA,NA,NA,surface water,"sea ice,sea water",NA,NA,NA,NA,NA,NA,34,24.03,NA,SRA,167,Not inferred
SRR1705999,SRX806252,SRS788006,266338,NA,Seawater and sea ice Metagenome,2015-07-08,ION_TORRENT,180879,14481582,75.101,-92.643,0,NA,NA,NA,NA,Arctic Ocean,2011-05-09,ocean,NA,"ocean,sea",NA,petroleum,emulsion,NA,NA,NA,surface water,"sea ice,sea water",NA,NA,NA,NA,NA,NA,19,20.92,NA,SRA,80,Not inferred
SRR1706000,SRX806253,SRS788007,266338,NA,Seawater and sea ice Metagenome,2015-07-08,ION_TORRENT,847487,112485433,75.019,-97.565,0,NA,NA,NA,NA,Arctic Ocean,2011-05-12,ocean,NA,"ocean,sea",NA,petroleum,emulsion,NA,NA,NA,surface water,"sea ice,sea water",NA,NA,NA,NA,NA,NA,27,22.92,NA,SRA,133,Not inferred
SRR1706001,SRX806254,SRS788011,266338,NA,Seawater and sea ice Metagenome,2015-07-08,ION_TORRENT,307369,44644895,75.426,-93.712,0,NA,NA,NA,NA,Arctic Ocean,2011-05-17,ocean,NA,"ocean,sea",NA,petroleum,emulsion,NA,NA,NA,surface water,"sea ice,sea water",NA,NA,NA,NA,NA,NA,27,22.84,NA,SRA,145,Not inferred
SRR1706002,SRX806255,SRS788012,266338,NA,Seawater and sea ice Metagenome,2015-07-08,ION_TORRENT,173595,14326913,75.529,-93.147,0,NA,NA,NA,NA,Arctic Ocean,2011-05-17,ocean,NA,"ocean,sea",NA,petroleum,emulsion,NA,NA,NA,surface water,"sea ice,sea water",NA,NA,NA,NA,NA,NA,19,21.01,NA,SRA,83,Not inferred
SRR1971619,SRX993393,SRS617439,248084,17051217,Hakon Mosby Mud Volcano Targeted Locus (Loci),2016-04-14,ILLUMINA,33295829,7191899064,72.001,14.719,NA,8.2,NA,35,NA,Atlantic Ocean,2003-01-07,marine benthic,soil,sea,NA,NA,NA,NA,"marine sediment,sediment",NA,NA,NA,NA,NA,NA,deep sea,NA,NA,92,35.44,NA,SRA,216,No
SRR1971620,SRX993394,SRS617440,"593905,417962,348753,248084","30148503,28894102,17051217",Hakon Mosby Mud Volcano Targeted Locus (Loci),2015-06-20,ILLUMINA,23030397,4974565752,72.005,14.726,NA,8.2,NA,35,NA,Atlantic Ocean,2003-02-07,marine benthic,soil,sea,NA,NA,NA,NA,"marine sediment,sediment",NA,NA,NA,NA,NA,NA,deep sea,NA,NA,94,36.01,NA,SRA,216,No
SRR1971621,SRX993395,SRS617441,"593905,417962,348753,248084","30148503,28894102,17051217",Hakon Mosby Mud Volcano Targeted Locus (Loci),2015-06-20,ILLUMINA,20591603,4447786248,72,14.726,NA,8.2,NA,35,NA,Atlantic Ocean,2003-05-07,marine benthic,soil,sea,NA,NA,NA,NA,"marine sediment,sediment",NA,NA,NA,NA,NA,NA,deep sea,NA,NA,94,36.37,NA,SRA,216,No
SRR1971622,SRX993396,SRS617444,"348753,2481","28894102,17",Hakon Mosby Mud Volcano Targeted Locus (Loci),2015-06-20,ILLUMINA,10348204,2235212064,72.003,14.728,NA,8.2,NA,35,NA,Atlantic Ocean,2003-11-07,marine benthic,soil,sea,NA,NA,NA,NA,"marine sediment,sediment",NA,NA,NA,NA,NA,NA,deep sea,NA,NA,94,36.11,NA,SRA,216,No
SRR1971623,SRX993397,SRS617432,248084,17051217,Hakon Mosby Mud Volcano Targeted Locus (Loci),2016-04-14,ILLUMINA,69441518,14999367888,72.003,14.732,NA,8.2,NA,35,NA,Atlantic Ocean,2010-09-26,"marine benthic,ocean",soil,"ocean,sea",NA,NA,NA,NA,"marine sediment,sediment",NA,NA,NA,NA,NA,NA,deep sea,NA,NA,94,36.21,NA,SRA,216,No
SRR1971624,SRX993398,SRS617433,248084,17051217,Hakon Mosby Mud Volcano Targeted Locus (Loci),2016-04-14,ILLUMINA,4E+06,8.64E+08,72.003,14.732,NA,8.2,NA,35,NA,Atlantic Ocean,2010-09-28,"marine benthic,ocean",soil,"ocean,sea",NA,NA,NA,NA,"marine sediment,sediment",NA,NA,NA,NA,NA,NA,deep sea,NA,NA,95,36.75,NA,SRA,216,No
SRR1971625,SRX993399,SRS617437,248084,17051217,Hakon Mosby Mud Volcano Targeted Locus (Loci),2016-04-14,ILLUMINA,15402223,3326880168,72.004,14.73,NA,8.2,NA,35,NA,Atlantic Ocean,2010-02-10,marine benthic,soil,sea,NA,NA,NA,NA,"marine sediment,sediment",NA,NA,NA,NA,NA,NA,deep sea,NA,NA,96,36.93,NA,SRA,216,No
SRR3233381,SRX1639065,SRS1345674,310639,NA,ocean bacteria Metagenomic assembly,2016-03-18,ILLUMINA,103488281,20697656200,65.43,-168.57,NA,NA,NA,NA,NA,Arctic Ocean,2013-08-01,ocean,NA,"ocean,sea",NA,NA,NA,NA,NA,NA,NA,NA,NA,NA,NA,NA,NA,NA,93,36.13,NA,SRA,200,No
SRR3233383,SRX1639083,SRS1345691,310639,NA,ocean bacteria Metagenomic assembly,2016-03-18,ILLUMINA,148613003,29722600600,72.47,-164.53,NA,NA,NA,NA,NA,Arctic Ocean,2013-08-02,ocean,NA,"ocean,sea",NA,NA,NA,NA,NA,NA,NA,NA,NA,NA,NA,NA,NA,NA,93,36.15,NA,SRA,200,No
SRR3989118,SRX1990804,SRS1593804,330320,NA,Marine eukaryotic phytoplankton communities from the South Atlantic Ocean - 30m ANT-15 Metagenome metagenome,2016-07-30,ILLUMINA,55491695,16647508500,78.8697,8.1122,NA,NA,NA,NA,NA,Atlantic Ocean,2012-06-20,ocean,NA,ocean,NA,NA,NA,NA,NA,NA,NA,NA,NA,NA,NA,NA,NA,NA,75,30.1,NA,SRA,300,No
SRR3989119,SRX1990805,SRS1593804,330320,NA,Marine eukaryotic phytoplankton communities from the South Atlantic Ocean - 30m ANT-15 Metagenome metagenome,2016-07-30,ILLUMINA,45360745,13608223500,78.8697,8.1122,NA,NA,NA,NA,NA,Atlantic Ocean,2012-06-20,ocean,NA,ocean,NA,NA,NA,NA,NA,NA,NA,NA,NA,NA,NA,NA,NA,NA,76,30.48,NA,SRA,300,No
SRR3989120,SRX1990806,SRS1593804,330320,NA,Marine eukaryotic phytoplankton communities from the South Atlantic Ocean - 30m ANT-15 Metagenome metagenome,2016-07-30,ILLUMINA,63059885,18917965500,78.8697,8.1122,NA,NA,NA,NA,NA,Atlantic Ocean,2012-06-20,ocean,NA,ocean,NA,NA,NA,NA,NA,NA,NA,NA,NA,NA,NA,NA,NA,NA,77,30.67,NA,SRA,300,No
SRR4004175,SRX2004322,SRS1610339,337945,NA,Winter Marine Metagenome CFL,2016-11-21,ILLUMINA,156893231,31378646200,71.622,-126.067,NA,NA,NA,NA,NA,Arctic Ocean,2007-12-13,ocean,NA,ocean,NA,NA,NA,NA,NA,NA,surface water,NA,NA,NA,NA,NA,NA,NA,62,26.83,NA,SRA,200,No
SRR5248168,SRX2554356,SRS1972023,366134,NA,Marine eukaryotic phytoplankton communities from the Norwegian Sea - 10m ARK-5M Metagenome metagenome,2017-02-12,ILLUMINA,62447038,18734111400,71.2008,8.8666,NA,NA,NA,NA,NA,Atlantic Ocean,2012-06-18,ocean,NA,"ocean,sea",NA,NA,NA,NA,NA,NA,NA,NA,NA,NA,NA,NA,NA,NA,80,31.65,NA,SRA,300,No
SRR5248169,SRX2554357,SRS1972023,366134,NA,Marine eukaryotic phytoplankton communities from the Norwegian Sea - 10m ARK-5M Metagenome metagenome,2017-02-12,ILLUMINA,59430611,17829183300,71.2008,8.8666,NA,NA,NA,NA,NA,Atlantic Ocean,2012-06-18,ocean,NA,"ocean,sea",NA,NA,NA,NA,NA,NA,NA,NA,NA,NA,NA,NA,NA,NA,74,30.2,NA,SRA,300,No
SRR5248170,SRX2554358,SRS1972023,366134,NA,Marine eukaryotic phytoplankton communities from the Norwegian Sea - 10m ARK-5M Metagenome metagenome,2017-02-12,ILLUMINA,51063717,15319115100,71.2008,8.8666,NA,NA,NA,NA,NA,Atlantic Ocean,2012-06-18,ocean,NA,"ocean,sea",NA,NA,NA,NA,NA,NA,NA,NA,NA,NA,NA,NA,NA,NA,74,30.11,NA,SRA,300,No
SRR5248171,SRX2554359,SRS1972023,366134,NA,Marine eukaryotic phytoplankton communities from the Norwegian Sea - 10m ARK-5M Metagenome metagenome,2017-02-12,ILLUMINA,52052042,15615612600,71.2008,8.8666,NA,NA,NA,NA,NA,Atlantic Ocean,2012-06-18,ocean,NA,"ocean,sea",NA,NA,NA,NA,NA,NA,NA,NA,NA,NA,NA,NA,NA,NA,75,30.31,NA,SRA,300,No
SRR5248176,SRX2554364,SRS1972028,366135,NA,Marine eukaryotic phytoplankton communities from the Norwegian Sea - 20m ARK-7M Metagenome metagenome,2017-02-12,ILLUMINA,59104766,17731429800,73.0188,9.8566,NA,NA,NA,NA,NA,Atlantic Ocean,2012-06-18,ocean,NA,"ocean,sea",NA,NA,NA,NA,NA,NA,NA,NA,NA,NA,NA,NA,NA,NA,78,31.16,NA,SRA,300,No
SRR5248177,SRX2554365,SRS1972028,366135,NA,Marine eukaryotic phytoplankton communities from the Norwegian Sea - 20m ARK-7M Metagenome metagenome,2017-02-12,ILLUMINA,50368236,15110470800,73.0188,9.8566,NA,NA,NA,NA,NA,Atlantic Ocean,2012-06-18,ocean,NA,"ocean,sea",NA,NA,NA,NA,NA,NA,NA,NA,NA,NA,NA,NA,NA,NA,77,30.75,NA,SRA,300,No
SRR5248178,SRX2554366,SRS1972028,366135,NA,Marine eukaryotic phytoplankton communities from the Norwegian Sea - 20m ARK-7M Metagenome metagenome,2017-02-12,ILLUMINA,56017414,16805224200,73.0188,9.8566,NA,NA,NA,NA,NA,Atlantic Ocean,2012-06-18,ocean,NA,"ocean,sea",NA,NA,NA,NA,NA,NA,NA,NA,NA,NA,NA,NA,NA,NA,78,31.12,NA,SRA,300,No
SRR5819238,SRX2997165,SRS2348345,NA,NA,Marine microbial communities from western Arctic Ocean - ArcticOcean_MG_CB2_152 metagenome,2017-07-12,ILLUMINA,97794029,29533796758,73.2247,-150.2247,NA,NA,NA,NA,NA,Arctic Ocean,2015-10-09,ocean,NA,ocean,NA,NA,NA,NA,NA,NA,NA,NA,NA,NA,NA,NA,NA,NA,90,35.23,NA,SRA,302,No
SRR5819239,SRX2997166,SRS2348346,NA,NA,Marine microbial communities from western Arctic Ocean - ArcticOcean_MG_CB4_134 metagenome,2017-07-12,ILLUMINA,112319278,33920421956,75.2588,-156.0227,NA,NA,NA,NA,NA,Arctic Ocean,2015-10-07,ocean,NA,ocean,NA,NA,NA,NA,NA,NA,NA,NA,NA,NA,NA,NA,NA,NA,90,35.21,NA,SRA,302,No
SRR5819240,SRX2997167,SRS2348347,NA,NA,Marine microbial communities from western Arctic Ocean - ArcticOcean_MG_CB2_150 metagenome,2017-07-12,ILLUMINA,104976818,31702999036,73.2247,-150.2247,NA,NA,NA,NA,NA,Arctic Ocean,2015-10-09,ocean,NA,ocean,NA,NA,NA,NA,NA,NA,NA,NA,NA,NA,NA,NA,NA,NA,90,35.21,NA,SRA,302,No
SRR5819241,SRX2997168,SRS2348348,NA,NA,Marine microbial communities from western Arctic Ocean - ArcticOcean_MG_CB2_154 metagenome,2017-07-12,ILLUMINA,97186250,29350247500,73.2247,-150.2247,NA,NA,NA,NA,NA,Arctic Ocean,2015-10-09,ocean,NA,ocean,NA,NA,NA,NA,NA,NA,NA,NA,NA,NA,NA,NA,NA,NA,89,34.87,NA,SRA,302,No
SRR5819381,SRX2997310,SRS2348489,NA,NA,Marine microbial communities from western Arctic Ocean - ArcticOcean_MG_CB4_138 metagenome,2017-07-12,ILLUMINA,80720496,24377589792,75.235,-150.0691,NA,NA,NA,NA,NA,Arctic Ocean,2015-10-08,ocean,NA,ocean,NA,NA,NA,NA,NA,NA,NA,NA,NA,NA,NA,NA,NA,NA,90,35.28,NA,SRA,302,No
SRR5819383,SRX2997311,SRS2348491,NA,NA,Marine microbial communities from western Arctic Ocean - ArcticOcean_MG_CB8_126 metagenome,2017-07-12,ILLUMINA,113082321,34150860942,77.0991,-150.2252,NA,NA,NA,NA,NA,Arctic Ocean,2015-10-06,ocean,NA,ocean,NA,NA,NA,NA,NA,NA,NA,NA,NA,NA,NA,NA,NA,NA,89,35,NA,SRA,302,No
SRR5819384,SRX2997313,SRS2348492,NA,NA,Marine microbial communities from western Arctic Ocean - ArcticOcean_MG_CB4_136 metagenome,2017-07-12,ILLUMINA,101597040,30682306080,75.235,-150.0691,NA,NA,NA,NA,NA,Arctic Ocean,2015-10-08,ocean,NA,ocean,NA,NA,NA,NA,NA,NA,NA,NA,NA,NA,NA,NA,NA,NA,91,35.47,NA,SRA,302,No
SRR5819552,SRX2997471,SRS2348651,NA,NA,Marine microbial communities from western Arctic Ocean - ArcticOcean_MG_CB8_130 metagenome,2017-07-12,ILLUMINA,108641176,32809635152,77.0991,-150.2252,NA,NA,NA,NA,NA,Arctic Ocean,2015-10-06,ocean,NA,ocean,NA,NA,NA,NA,NA,NA,NA,NA,NA,NA,NA,NA,NA,NA,90,35.12,NA,SRA,302,No
SRR5819594,SRX2997513,SRS2348673,NA,NA,Marine microbial communities from western Arctic Ocean - ArcticOcean_MG_CB11_86 metagenome,2017-07-12,ILLUMINA,100585684,30376876568,79.2466,-150.0613,NA,NA,NA,NA,NA,Arctic Ocean,2015-10-01,ocean,NA,ocean,NA,NA,NA,NA,NA,NA,NA,NA,NA,NA,NA,NA,NA,NA,89,34.98,NA,SRA,302,No
SRR5819595,SRX2997514,SRS2348674,NA,NA,Marine microbial communities from western Arctic Ocean - ArcticOcean_MG_CB8_128 metagenome,2017-07-12,ILLUMINA,103575193,31279708286,77.0991,-150.2252,NA,NA,NA,NA,NA,Arctic Ocean,2015-10-06,ocean,NA,ocean,NA,NA,NA,NA,NA,NA,NA,NA,NA,NA,NA,NA,NA,NA,89,35.09,NA,SRA,302,No
SRR5819607,SRX2997526,SRS2348686,NA,NA,Marine microbial communities from western Arctic Ocean - ArcticOcean_MG_CB11_88 metagenome,2017-07-12,ILLUMINA,100615799,30385971298,79.2466,-150.0613,NA,NA,NA,NA,NA,Arctic Ocean,2015-10-01,ocean,NA,ocean,NA,NA,NA,NA,NA,NA,NA,NA,NA,NA,NA,NA,NA,NA,91,35.46,NA,SRA,302,No
SRR5819754,SRX2997664,SRS2348820,NA,NA,Marine microbial communities from western Arctic Ocean - ArcticOcean_MG_CB11_90 metagenome,2017-07-12,ILLUMINA,109463963,33058116826,79.2466,-150.0613,NA,NA,NA,NA,NA,Arctic Ocean,2015-10-01,ocean,NA,ocean,NA,NA,NA,NA,NA,NA,NA,NA,NA,NA,NA,NA,NA,NA,90,35.29,NA,SRA,302,No
SRR5819818,SRX2997722,SRS2348864,NA,NA,Marine eukaryotic phytoplankton communities from Arctic Ocean - Arctic Ocean- Svalbard ARC20M Metagenome metagenome,2017-07-13,ILLUMINA,200880219,60665826138,78.8697,8.1122,NA,NA,NA,NA,NA,Atlantic Ocean,2012-06-20,ocean,NA,ocean,NA,NA,NA,NA,NA,NA,NA,NA,NA,NA,NA,NA,NA,NA,88,34.48,NA,SRA,302,No
SRR5819848,SRX2997752,SRS2348894,NA,NA,Marine eukaryotic phytoplankton communities from Arctic Ocean - Arctic Ocean - Greenland ARC118M Metagenome metagenome,2017-07-12,ILLUMINA,163673219,49429312138,79.0225,-9.5247,NA,NA,NA,NA,NA,Atlantic Ocean,2012-07-06,ocean,NA,ocean,NA,NA,NA,NA,NA,NA,NA,NA,NA,NA,NA,NA,NA,NA,89,34.9,NA,SRA,302,No
SRR5819968,SRX2997872,SRS2348992,NA,NA,Marine eukaryotic phytoplankton communities from Arctic Ocean - Fram Strait ARC3M Metagenome metagenome,2017-07-13,ILLUMINA,189775062,57312068724,69.2303,7.7302,NA,NA,NA,NA,NA,Atlantic Ocean,2012-06-18,ocean,NA,"ocean,sea",NA,NA,NA,NA,NA,NA,NA,NA,NA,NA,NA,NA,NA,NA,90,35.16,NA,SRA,302,No
SRR5819969,SRX2997873,SRS2348993,NA,NA,Marine eukaryotic phytoplankton communities from Arctic Ocean - Arctic Ocean ARC135M Metagenome metagenome,2017-07-13,ILLUMINA,172380242,52058833084,78.8669,-3.2286,NA,NA,NA,NA,NA,Atlantic Ocean,2012-07-09,ocean,NA,ocean,NA,NA,NA,NA,NA,NA,NA,NA,NA,NA,NA,NA,NA,NA,89,34.72,NA,SRA,302,No
mgm4441621.3,mgp7,mgs21999,NA,NA,Ocean Viruses,2008-10-21,LS454,688590,68276453,70.6933,-136.4233,NA,NA,NA,NA,NA,Arctic Ocean,2002-10-01,marine salt marsh,soil,park,NA,NA,NA,NA,NA,NA,NA,NA,NA,NA,NA,NA,NA,NA,NA,NA,0,MGRAST,99,No
mgm4441622.3,mgp7,mgs22110,NA,NA,Ocean Viruses,2008-10-21,LS454,688590,68276453,73.1617,159.4467,NA,NA,NA,NA,NA,Arctic Ocean,2002-09-01,NA,NA,"bay,beach",NA,NA,NA,NA,NA,NA,NA,NA,NA,NA,NA,NA,NA,NA,NA,NA,0,MGRAST,99,No
mgm4455111.3,mgp10947,mgs347789,NA,NA,Methane-rich Arctic Ocean Sediments,2011-02-24,LS454,1516601,378366946,71.4778,-152.0614,2.6,NA,NA,NA,NA,Arctic Ocean,2009-09-25,marine sponge reef,NA,NA,NA,organic material,NA,NA,NA,NA,NA,NA,NA,NA,NA,NA,NA,NA,NA,NA,0,MGRAST,249,No
mgm4455112.3,mgp10947,mgs347783,NA,NA,Methane-rich Arctic Ocean Sediments,2011-02-24,LS454,1791196,609474266,71.4778,-152.0614,0.9,NA,NA,NA,NA,Arctic Ocean,2009-09-25,"estuarine,ocean",NA,"bay,ocean",NA,NA,NA,NA,NA,NA,NA,NA,NA,NA,NA,NA,NA,NA,NA,NA,0,MGRAST,340,No
mgm4455113.3,mgp10947,mgs347780,NA,NA,Methane-rich Arctic Ocean Sediments,2011-02-24,LS454,1631314,566891433,71.4778,-152.0614,0.2,NA,NA,NA,NA,Arctic Ocean,2009-09-25,NA,soil,NA,NA,NA,NA,NA,NA,NA,NA,NA,NA,coral reef,NA,NA,NA,NA,NA,NA,0,MGRAST,348,No
mgm4455114.3,mgp10947,mgs347786,NA,NA,Methane-rich Arctic Ocean Sediments,2011-02-24,LS454,2599858,1020334630,71.4778,-152.0614,1.7,NA,NA,NA,NA,Arctic Ocean,2009-09-25,NA,NA,NA,NA,organic material,NA,NA,NA,NA,NA,NA,NA,NA,NA,NA,NA,NA,NA,NA,0,MGRAST,392,No
mgm4467008.3,mgp10947,mgs347792,NA,NA,Methane-rich Arctic Ocean Sediments,2011-06-24,LS454,1511728,454065333,71.4778,-152.0614,4.85,NA,NA,NA,NA,Arctic Ocean,2009-09-25,NA,NA,NA,NA,NA,NA,NA,sediment,NA,NA,NA,NA,NA,NA,NA,NA,NA,NA,NA,0.195,MGRAST,300,No
mgm4504402.3,mgp2397,mgs80501,NA,NA,PERD-Resolute_Yr1,2012-10-15,ION TORRENT,197338,16001880,75.364,-92.966,NA,NA,NA,NA,Canada,Arctic Ocean,2011-05-09,NA,NA,NA,NA,organic material,NA,NA,NA,NA,NA,NA,NA,NA,NA,NA,NA,NA,NA,NA,3.609,MGRAST,81,Not inferred
mgm4504403.3,mgp2397,mgs80504,NA,NA,PERD-Resolute_Yr1,2012-10-15,ION TORRENT,90336,7494581,75.101,-92.643,NA,NA,NA,NA,Canada,Arctic Ocean,2011-05-09,"marine benthic,ocean",NA,ocean,NA,NA,NA,NA,sediment,NA,NA,NA,NA,NA,NA,NA,NA,NA,NA,NA,0,MGRAST,83,Not inferred
mgm4504404.3,mgp2397,mgs80507,NA,NA,PERD-Resolute_Yr1,2012-10-15,ION TORRENT,468252,44460897,75.069,-97.087,NA,NA,NA,NA,Canada,Arctic Ocean,2011-05-12,marine benthic,NA,sea,NA,NA,NA,NA,sediment,NA,NA,NA,NA,NA,NA,NA,NA,NA,NA,NA,2.706,MGRAST,95,Not inferred
mgm4504405.3,mgp2397,mgs80510,NA,NA,PERD-Resolute_Yr1,2012-10-15,ION TORRENT,345976,34075117,75.93,-97.25,NA,NA,NA,NA,Canada,Arctic Ocean,2011-05-15,"marine benthic,marine coral reef",NA,NA,NA,NA,NA,NA,NA,NA,NA,NA,NA,coral reef,NA,marine benthic feature,NA,NA,NA,NA,4.186,MGRAST,98,Not inferred
mgm4504406.3,mgp2397,mgs80513,NA,NA,PERD-Resolute_Yr1,2012-10-15,ION TORRENT,509458,52340606,75.426,-93.712,NA,NA,NA,NA,Canada,Arctic Ocean,2011-05-17,estuarine,NA,NA,NA,NA,NA,NA,NA,NA,NA,NA,NA,estuary,NA,NA,NA,NA,NA,NA,3.279,MGRAST,103,Not inferred
mgm4504407.3,mgp2397,mgs80516,NA,NA,PERD-Resolute_Yr1,2012-10-15,ION TORRENT,528489,54823757,75.529,-93.147,NA,NA,NA,NA,Canada,Arctic Ocean,2011-05-17,mediterranean sea,NA,sea,NA,NA,NA,NA,NA,NA,NA,sea water,NA,NA,NA,NA,NA,NA,NA,NA,4.513,MGRAST,104,Not inferred
mgm4504408.3,mgp2397,mgs80483,NA,NA,PERD-Resolute_Yr1,2012-10-15,ION TORRENT,450204,70331333,75.369,-93.157,NA,NA,NA,NA,Canada,Arctic Ocean,2011-05-09,marine salt marsh,NA,"sea,shore",NA,NA,NA,NA,sediment,NA,NA,NA,NA,NA,NA,NA,NA,NA,NA,NA,2.891,MGRAST,156,Not inferred
mgm4504409.3,mgp2397,mgs80486,NA,NA,PERD-Resolute_Yr1,2012-10-15,ION TORRENT,466848,78058447,75.2,-92.95,NA,NA,NA,NA,Canada,Arctic Ocean,2011-05-09,NA,NA,NA,NA,NA,NA,NA,NA,NA,NA,NA,NA,coral reef,NA,NA,NA,NA,NA,NA,2.919,MGRAST,167,Not inferred
mgm4504410.3,mgp2397,mgs80489,NA,NA,PERD-Resolute_Yr1,2012-10-15,ION TORRENT,180879,14481582,75.101,-92.643,NA,NA,NA,NA,Canada,Arctic Ocean,2011-05-09,NA,NA,"bay,beach",NA,NA,NA,NA,NA,NA,NA,NA,NA,NA,NA,NA,NA,NA,NA,NA,0,MGRAST,80,Not inferred
mgm4504411.3,mgp2397,mgs80492,NA,NA,PERD-Resolute_Yr1,2012-10-15,ION TORRENT,847487,112485433,75.019,-97.565,NA,NA,NA,NA,Canada,Arctic Ocean,2011-05-12,NA,NA,NA,NA,organic material,NA,NA,NA,NA,NA,NA,NA,NA,NA,NA,NA,NA,NA,NA,4.117,MGRAST,133,Not inferred
mgm4504412.3,mgp2397,mgs80495,NA,NA,PERD-Resolute_Yr1,2012-10-15,ION TORRENT,307369,44644895,75.426,-93.712,NA,NA,NA,NA,Canada,Arctic Ocean,2011-05-17,NA,NA,sea,NA,NA,NA,NA,sediment,NA,NA,NA,NA,coral reef,NA,NA,NA,NA,NA,NA,1.434,MGRAST,145,Not inferred
mgm4504413.3,mgp2397,mgs80498,NA,NA,PERD-Resolute_Yr1,2012-10-15,ION TORRENT,173595,14326913,75.529,-93.147,NA,NA,NA,NA,Canada,Arctic Ocean,2011-05-17,NA,NA,sea,NA,organic material,NA,NA,NA,NA,NA,NA,NA,NA,NA,NA,NA,NA,NA,NA,2.564,MGRAST,83,Not inferred
mgm4504414.3,mgp2397,mgs80471,NA,NA,PERD-Resolute_Yr1,2012-10-15,ION TORRENT,205417,27755367,74.723,-95.116,NA,NA,NA,NA,Canada,Arctic Ocean,2011-05-06,NA,NA,NA,NA,organic material,NA,NA,NA,NA,NA,NA,NA,NA,NA,NA,NA,NA,NA,NA,0,MGRAST,135,Not inferred
mgm4504415.3,mgp2397,mgs80474,NA,NA,PERD-Resolute_Yr1,2012-10-15,ION TORRENT,451503,76589003,74.843,-101.095,NA,NA,NA,NA,Canada,Arctic Ocean,2011-05-07,ocean,NA,ocean,NA,NA,NA,NA,NA,NA,NA,NA,NA,coral reef,NA,NA,NA,NA,NA,NA,2.493,MGRAST,170,Not inferred
mgm4504416.3,mgp2397,mgs80477,NA,NA,PERD-Resolute_Yr1,2012-10-15,ION TORRENT,443899,62341040,74.125,-101.343,NA,NA,NA,NA,Canada,Arctic Ocean,2011-05-07,marine coral reef,NA,NA,NA,NA,NA,NA,NA,NA,NA,NA,NA,coral reef,NA,NA,NA,NA,NA,NA,4.165,MGRAST,140,Not inferred
mgm4504417.3,mgp2397,mgs80480,NA,NA,PERD-Resolute_Yr1,2012-10-15,ION TORRENT,415601,71261040,74.101,-100.159,NA,NA,NA,NA,Canada,Arctic Ocean,2011-05-08,NA,NA,NA,NA,biofilm material,NA,rock,NA,NA,NA,NA,NA,NA,NA,intertidal zone,NA,NA,NA,NA,2.968,MGRAST,171,Not inferred
mgm4537102.3,mgp6099,mgs134274,NA,NA,Arctic young sea ice and frost flower comparison,2013-10-02,ILLUMINA,9882191,998101291,71.3682,-156.6978,0,NA,NA,NA,United States of America,Arctic Ocean,2010-04-21,marine bathyal zone,NA,NA,NA,NA,NA,NA,sediment,NA,NA,NA,NA,NA,NA,bathyal zone,continental slope,NA,NA,NA,8.533,MGRAST,101,No
mgm4537103.3,mgp6099,mgs134274,NA,NA,Arctic young sea ice and frost flower comparison,2013-10-02,ILLUMINA,9882191,998101291,71.3682,-156.6978,0,NA,NA,NA,United States of America,Arctic Ocean,2010-04-21,marine benthic,NA,sea,NA,NA,NA,rock,sediment,NA,NA,NA,NA,NA,NA,NA,NA,NA,NA,NA,8.533,MGRAST,101,No
mgm4537104.3,mgp6099,mgs134278,NA,NA,Arctic young sea ice and frost flower comparison,2013-10-02,ILLUMINA,21012180,2122230180,71.3682,-156.6978,0,NA,NA,NA,United States of America,Arctic Ocean,2010-04-21,"marine hydrothermal vent,ocean",NA,ocean,NA,NA,NA,NA,NA,NA,NA,NA,NA,NA,NA,hydrothermal vent,NA,NA,NA,NA,5.381,MGRAST,101,No
mgm4537105.3,mgp6099,mgs134278,NA,NA,Arctic young sea ice and frost flower comparison,2013-10-02,ILLUMINA,21012180,2122230180,71.3682,-156.6978,0,NA,NA,NA,United States of America,Arctic Ocean,2010-04-21,NA,NA,sea,NA,organic material,NA,NA,NA,NA,NA,NA,NA,NA,NA,NA,NA,NA,NA,NA,4.89,MGRAST,101,No
mgm4720007.3,mgp20252,SAMEA3275564,NA,NA,Ocean Sampling Day,2016-10-07,ILLUMINA,1639410,311563433,74.31,-20.3043,0,NA,NA,NA,NA,Atlantic Ocean,2014-06-21,"neritic epipelagic zone,ocean",NA,ocean,NA,NA,NA,NA,NA,NA,NA,NA,NA,NA,NA,epipelagic zone,NA,NA,NA,NA,3.969,MGRAST,190,No
mgm4720023.3,mgp20252,SAMEA3275562,NA,NA,Ocean Sampling Day,2016-10-07,ILLUMINA,1269374,267180819,74.31,-20.3043,2,NA,NA,NA,NA,Atlantic Ocean,2014-06-21,NA,NA,NA,NA,NA,NA,NA,NA,NA,NA,NA,NA,coral reef,NA,NA,NA,NA,NA,NA,4.278,MGRAST,210,No
mgm4720043.3,mgp20252,SAMEA3275506,NA,NA,Ocean Sampling Day,2016-10-07,ILLUMINA,1746171,358365711,78.4533,-2.8297,5,NA,NA,NA,NA,Atlantic Ocean,2014-06-21,NA,NA,NA,NA,NA,NA,NA,NA,NA,NA,NA,NA,coral reef,NA,NA,NA,NA,NA,NA,3.533,MGRAST,205,No
mgm4720074.3,mgp20252,SAMEA3275543,NA,NA,Ocean Sampling Day,2016-10-07,ILLUMINA,1483482,231954940,69.0233,-105.3434,4.12,NA,NA,NA,NA,Atlantic Ocean,2014-06-21,marine hydrothermal vent,NA,sea,NA,NA,NA,NA,"sediment,terrigenous sediment",NA,NA,NA,NA,NA,coastal water body,hydrothermal vent,NA,NA,NA,NA,8.393,MGRAST,156,No
mgm4730099.3,mgp21258,mgs556204,NA,NA,2016rockMeta,2017-01-05,ILLUMINA,81446062,12298355362,78.5714,11.4114,NA,NA,NA,NA,Norway,Atlantic Ocean,2016-07-25,ocean,NA,"ocean,sea",NA,NA,NA,NA,sediment,NA,NA,NA,NA,NA,NA,NA,NA,NA,NA,NA,NA,MGRAST,151,No
mgm4730100.3,mgp21258,mgs556210,NA,NA,2016rockMeta,2017-01-05,ILLUMINA,61823608,9335364808,78.5714,11.4114,NA,NA,NA,NA,Norway,Atlantic Ocean,2016-07-25,NA,NA,bay,NA,NA,NA,NA,sediment,NA,NA,NA,NA,estuary,NA,NA,NA,NA,NA,NA,NA,MGRAST,151,No
mgm4730101.3,mgp21258,mgs556207,NA,NA,2016rockMeta,2017-01-05,ILLUMINA,67749940,10230240940,78.5714,11.4114,NA,NA,NA,NA,Norway,Atlantic Ocean,2016-07-25,marine pelagic,NA,sea,NA,NA,NA,NA,NA,NA,NA,sea water,NA,NA,NA,NA,NA,NA,NA,NA,NA,MGRAST,151,No
mgm4819331.3,mgp87267,mgs704655,NA,NA,whale_metagenome,2018-11-08,ILLUMINA,31312995,4492550701,72.2906,-155.7886,NA,NA,NA,NA,United States of America,Arctic Ocean,2015-03-18,NA,NA,NA,NA,NA,NA,NA,NA,NA,NA,NA,NA,NA,NA,NA,NA,Whale,NA,NA,NA,MGRAST,143,No
mgm4819337.3,mgp87267,mgs704661,NA,NA,whale_metagenome,2018-11-08,ILLUMINA,27491555,3891837060,74.2906,-153.7886,NA,NA,NA,NA,United States of America,Arctic Ocean,2015-03-20,NA,NA,NA,NA,NA,NA,NA,NA,NA,NA,NA,NA,NA,NA,NA,NA,Whale,NA,NA,NA,MGRAST,142,No
mgm4819343.3,mgp87267,mgs704664,NA,NA,whale_metagenome,2018-11-08,ILLUMINA,33110671,4368662385,75.2906,-152.7886,NA,NA,NA,NA,United States of America,Arctic Ocean,2015-03-21,NA,NA,NA,NA,NA,NA,NA,NA,NA,NA,NA,NA,NA,NA,NA,NA,Whale,NA,NA,NA,MGRAST,132,No
mgm4819345.3,mgp87267,mgs704658,NA,NA,whale_metagenome,2018-11-08,ILLUMINA,32188294,4246819677,73.2906,-154.7886,NA,NA,NA,NA,United States of America,Arctic Ocean,2015-03-19,NA,NA,NA,NA,NA,NA,NA,NA,NA,NA,NA,NA,NA,NA,NA,NA,Whale,NA,NA,NA,MGRAST,132,No
mgm4819347.3,mgp87267,mgs704667,NA,NA,whale_metagenome,2018-11-08,ILLUMINA,32220316,4465364585,76.2906,-151.7886,NA,NA,NA,NA,United States of America,Arctic Ocean,2015-03-22,NA,NA,NA,NA,NA,NA,NA,NA,NA,NA,NA,NA,NA,NA,NA,NA,Whale,NA,NA,NA,MGRAST,139,No